Time_Index,213_RTPV_1,215_PV_1
0,0,0
1,0,0
2,0,0
3,0,0
4,0,0
5,0,0
6,0,0
7,2.3,63.8
8,5,82.3
9,7,86.1
10,8,86.6
11,8.3,85
12,8,84.5
13,7.3,80.9
14,5.3,71.6
15,2.1,41.1
16,0,0
17,0,0
18,0,0
19,0,0
20,0,0
21,0,0
22,0,0
23,0,0
24,0,0
25,0,0
26,0,0
27,0,0
28,0,0
29,0,0
30,0,0
31,2.3,63.1
32,5,78.7
33,7,84.3
34,7.9,87.7
35,8.3,87.4
36,8.3,85.5
37,7.2,81.2
38,5.2,72
39,2.1,41.6
40,0,0
41,0,0
42,0,0
43,0,0
44,0,0
45,0,0
46,0,0
47,0,0
48,0,0
49,0,0
50,0,0
51,0,0
52,0,0
53,0,0
54,0,0
55,2.3,61.9
56,4.9,79.8
57,7,83.1
58,8.3,83.5
59,8.7,81.3
60,8.4,79.3
61,7.3,77
62,5.3,70.4
63,2.1,41.8
64,0,0
65,0,0
66,0,0
67,0,0
68,0,0
69,0,0
70,0,0
71,0,0
72,0,0
73,0,0
74,0,0
75,0,0
76,0,0
77,0,0
78,0,0
79,2.3,61
80,5.2,79.2
81,7.3,83.6
82,8.6,85.4
83,8.7,85.4
84,8,84.9
85,7,81
86,5.2,71.6
87,2.2,43.3
88,0,0
89,0,0
90,0,0
91,0,0
92,0,0
93,0,0
94,0,0
95,0,0
96,0,0
97,0,0
98,0,0
99,0,0
100,0,0
101,0,0
102,0,0
103,2.3,60.8
104,5.2,79
105,7.3,84.4
106,8.5,85.4
107,8.9,85.4
108,8.7,83.5
109,7.5,80.7
110,5.3,73.1
111,2.3,43.6
112,0,0
113,0,0
114,0,0
115,0,0
116,0,0
117,0,0
118,0,0
119,0,0
120,0,0
121,0,0
122,0,0
123,0,0
124,0,0
125,0,0
126,0,0
127,2.3,66.2
128,5.3,85.2
129,7.5,88.5
130,8.9,89.6
131,9.3,88.2
132,9,86.5
133,7.9,82.8
134,5.5,74.2
135,2.4,45.1
136,0,0
137,0,0
138,0,0
139,0,0
140,0,0
141,0,0
142,0,0
143,0,0
144,0,0
145,0,0
146,0,0
147,0,0
148,0,0
149,0,0
150,0,0
151,2.3,65.3
152,5.1,83.4
153,7.1,86.5
154,8.4,87
155,9,85.8
156,8.7,84.3
157,7.5,82.5
158,5.6,75.9
159,2.4,46.7
160,0,0
161,0,0
162,0,0
163,0,0
164,0,0
165,0,0
166,0,0
167,0,0
168,0,0
169,0,0
170,0,0
171,0,0
172,0,0
173,0,0
174,0,0
175,2.2,64.5
176,4.8,81.3
177,6.8,86.4
178,7.1,88.1
179,8.1,85.1
180,8.2,81.8
181,7.5,83.5
182,5.5,74.1
183,2.4,46.1
184,0,0
185,0,0
186,0,0
187,0,0
188,0,0
189,0,0
190,0,0
191,0,0
192,0,0
193,0,0
194,0,0
195,0,0
196,0,0
197,0,0
198,0,0
199,2.3,61.9
200,5.1,82.6
201,7,87.2
202,8.2,87.9
203,8.7,86.6
204,8.7,84.5
205,7.7,83.2
206,5.5,75.7
207,2.4,46.7
208,0,0
209,0,0
210,0,0
211,0,0
212,0,0
213,0,0
214,0,0
215,0,0
216,0,0
217,0,0
218,0,0
219,0,0
220,0,0
221,0,0
222,0,0
223,2.4,63.8
224,5.4,80.9
225,7.4,83.9
226,8.9,84.1
227,9.2,80.2
228,8.9,81.8
229,7.8,80.7
230,5.8,74.9
231,2.6,46.6
232,0,0
233,0,0
234,0,0
235,0,0
236,0,0
237,0,0
238,0,0
239,0,0
240,0,0
241,0,0
242,0,0
243,0,0
244,0,0
245,0,0
246,0,0
247,2.4,61.7
248,5.3,82.3
249,7,89.4
250,8.7,90.2
251,9.3,89.8
252,9,88.7
253,7.4,85.7
254,5.5,74.3
255,2.6,47.8
256,0,0
257,0,0
258,0,0
259,0,0
260,0,0
261,0,0
262,0,0
263,0,0
264,0,0
265,0,0
266,0,0
267,0,0
268,0,0
269,0,0
270,0,0
271,2.3,60.9
272,5.4,74.4
273,7.7,74.5
274,9.3,79.8
275,9.6,44.3
276,9.3,51.6
277,8.2,0.3
278,6,0.2
279,2.8,50.9
280,0,0
281,0,0
282,0,0
283,0,0
284,0,0
285,0,0
286,0,0
287,0,0
288,0,0
289,0,0
290,0,0
291,0,0
292,0,0
293,0,0
294,0,0
295,2.4,70
296,5.5,90.4
297,7.8,96.2
298,9.1,96.2
299,9.6,95.2
300,9.3,94.1
301,8.1,91
302,6.1,81.9
303,2.8,52
304,0,0
305,0,0
306,0,0
307,0,0
308,0,0
309,0,0
310,0,0
311,0,0
312,0,0
313,0,0
314,0,0
315,0,0
316,0,0
317,0,0
318,0,0
319,2.4,67
320,5.4,84.7
321,7.4,89.1
322,8.4,89.4
323,9,87.2
324,8.5,82.5
325,7.7,83.8
326,6,80.6
327,2.8,50.4
328,0,0
329,0,0
330,0,0
331,0,0
332,0,0
333,0,0
334,0,0
335,0,0
336,0,0
337,0,0
338,0,0
339,0,0
340,0,0
341,0,0
342,0,0
343,2.4,66.5
344,5.4,85.9
345,7.7,91.1
346,8.6,92.6
347,8.9,92
348,8.6,90.5
349,5.8,86.8
350,1.5,64.9
351,2.4,50.9
352,0,0
353,0,0
354,0,0
355,0,0
356,0,0
357,0,0
358,0,0
359,0,0
360,0,0
361,0,0
362,0,0
363,0,0
364,0,0
365,0,0
366,0,0
367,2.4,67.2
368,5.5,84.9
369,7.7,89.7
370,8.7,93.7
371,9.5,94
372,9.2,92.9
373,7.7,88.8
374,5.1,80.1
375,2.9,52.8
376,0,0
377,0,0
378,0,0
379,0,0
380,0,0
381,0,0
382,0,0
383,0,0
384,0,0
385,0,0
386,0,0
387,0,0
388,0,0
389,0,0
390,0,0
391,2.4,68.1
392,5.4,85.3
393,7.3,89.7
394,8.5,89.4
395,9.2,87.4
396,9,87.8
397,8,85.3
398,6.1,80.6
399,2.9,53.6
400,0,0
401,0,0
402,0,0
403,0,0
404,0,0
405,0,0
406,0,0
407,0,0
408,0,0
409,0,0
410,0,0
411,0,0
412,0,0
413,0,0
414,0,0
415,2.5,67.8
416,5.6,85.4
417,7.5,90.5
418,8.8,91
419,9.3,90.8
420,9,89.7
421,7.8,86.8
422,6,78.8
423,3,54.1
424,0,0
425,0,0
426,0,0
427,0,0
428,0,0
429,0,0
430,0,0
431,0,0
432,0,0
433,0,0
434,0,0
435,0,0
436,0,0
437,0,0
438,0,0
439,2.4,70.8
440,5.5,90.8
441,7.7,95.1
442,9,96
443,9.5,96.4
444,9.1,94
445,8.1,91.3
446,5.9,82
447,3,52.6
448,0,0
449,0,0
450,0,0
451,0,0
452,0,0
453,0,0
454,0,0
455,0,0
456,0,0
457,0,0
458,0,0
459,0,0
460,0,0
461,0,0
462,0,0
463,2.4,70.7
464,5.4,90.3
465,7.6,94.7
466,8.8,94.9
467,9.6,94.6
468,9.5,93.4
469,8.4,91.5
470,6.3,83.5
471,3.1,56.5
472,0,0
473,0,0
474,0,0
475,0,0
476,0,0
477,0,0
478,0,0
479,0,0
480,0,0
481,0,0
482,0,0
483,0,0
484,0,0
485,0,0
486,0,0
487,2.4,70.1
488,5.5,89.2
489,7.8,93.5
490,9.2,93.8
491,9.6,92.3
492,9.4,91.5
493,8.3,89.5
494,6.3,82.6
495,3.1,49.8
496,0,0
497,0,0
498,0,0
499,0,0
500,0,0
501,0,0
502,0,0
503,0,0
504,0,0
505,0,0
506,0,0
507,0,0
508,0,0
509,0,0
510,0,0
511,1.4,10
512,0,0.1
513,0.1,0.5
514,1.8,1.1
515,2.4,38.6
516,6.1,40.1
517,3.7,61.3
518,1.4,72.6
519,0,0.1
520,0,0
521,0,0
522,0,0
523,0,0
524,0,0
525,0,0
526,0,0
527,0,0
528,0,0
529,0,0
530,0,0
531,0,0
532,0,0
533,0,0
534,0,0
535,2.5,67.6
536,5.4,85
537,7.6,91.9
538,8.9,94
539,9.5,93.5
540,9.3,91.6
541,8.2,88.2
542,6.2,82
543,3.4,57.3
544,0,0
545,0,0
546,0,0
547,0,0
548,0,0
549,0,0
550,0,0
551,0,0
552,0,0
553,0,0
554,0,0
555,0,0
556,0,0
557,0,0
558,0,0
559,2.4,68.9
560,5.4,87.7
561,7.7,92.8
562,8.7,93.8
563,9.2,91.7
564,9,91.4
565,8.2,87.7
566,6.3,82.8
567,3.4,63.5
568,0,0
569,0,0
570,0,0
571,0,0
572,0,0
573,0,0
574,0,0
575,0,0
576,0,0
577,0,0
578,0,0
579,0,0
580,0,0
581,0,0
582,0,0
583,2.5,66.1
584,5.4,81.8
585,7.4,90.8
586,8.7,93.7
587,9.3,93.3
588,9.2,92.6
589,8.2,90
590,6.3,83.2
591,2.6,64.2
592,0,0
593,0,0
594,0,0
595,0,0
596,0,0
597,0,0
598,0,0
599,0,0
600,0,0
601,0,0
602,0,0
603,0,0
604,0,0
605,0,0
606,0,0
607,2.5,66.2
608,5.3,81.9
609,7.5,85.2
610,8.8,88.8
611,9.3,89.3
612,8.9,84.6
613,8,86.4
614,6.4,83.8
615,3.5,63.3
616,0,0
617,0,0
618,0,0
619,0,0
620,0,0
621,0,0
622,0,0
623,0,0
624,0,0
625,0,0
626,0,0
627,0,0
628,0,0
629,0,0
630,0,0
631,2.6,69.4
632,5.5,87.1
633,7.6,89.1
634,8.9,90.8
635,9.1,90.8
636,9.2,91.5
637,8.2,89.2
638,6.4,82.2
639,3.6,66.3
640,0,0
641,0,0
642,0,0
643,0,0
644,0,0
645,0,0
646,0,0
647,0,0
648,0,0
649,0,0
650,0,0
651,0,0
652,0,0
653,0,0
654,0,0
655,2.6,70.4
656,5.6,89
657,7.8,95.4
658,8.9,97.4
659,9.3,96.9
660,9.1,94.5
661,8.3,91.7
662,6.5,85.5
663,3.4,60.3
664,0,0
665,0,0
666,0,0
667,0,0
668,0,0
669,0,0
670,0,0
671,0,0
672,0,0
673,0,0
674,0,0
675,0,0
676,0,0
677,0,0
678,0,0
679,2.5,65.1
680,5.1,84.2
681,7.2,89.3
682,8.2,91.8
683,9,91.3
684,8.9,90
685,8,86.7
686,6.3,81.2
687,3.5,62.1
688,0,0
689,0,0
690,0,0
691,0,0
692,0,0
693,0,0
694,0,0
695,0,0
696,0,0
697,0,0
698,0,0
699,0,0
700,0,0
701,0,0
702,0,0
703,2.5,67.4
704,5.1,84.5
705,7.2,91.1
706,8.4,93.7
707,9,93.9
708,8.7,92.1
709,7.7,88.8
710,6.3,81.3
711,3.3,62.4
712,0,0
713,0,0
714,0,0
715,0,0
716,0,0
717,0,0
718,0,0
719,0,0
720,0,0
721,0,0
722,0,0
723,0,0
724,0,0
725,0,0
726,0,0
727,2.6,70
728,5.4,85.2
729,7.5,91
730,8.9,91.5
731,9.4,90.3
732,9.2,89.7
733,8.3,86.9
734,6.4,83.2
735,3.6,64.2
736,0,0
737,0,0
738,0,0
739,0,0
740,0,0
741,0,0
742,0,0
743,0,0
744,0,0
745,0,0
746,0,0
747,0,0
748,0,0
749,0,0
750,0,0
751,2.6,68.8
752,5.4,86
753,7.5,91
754,9,92.9
755,9.4,92.1
756,9.2,90.7
757,8.1,86.6
758,6.4,80.5
759,3.6,62.3
760,0,0
761,0,0
762,0,0
763,0,0
764,0,0
765,0,0
766,0,0
767,0,0
768,0,0
769,0,0
770,0,0
771,0,0
772,0,0
773,0,0
774,0,0
775,2.7,69.2
776,5.7,85.8
777,8.1,95.4
778,9.3,97.1
779,9.9,96.8
780,9.5,95.4
781,8.5,91.5
782,6.5,83
783,3.8,67.8
784,0,0
785,0,0
786,0,0
787,0,0
788,0,0
789,0,0
790,0,0
791,0,0
792,0,0
793,0,0
794,0,0
795,0,0
796,0,0
797,0,0
798,0,0
799,2.7,71.9
800,5.5,88.8
801,7.9,93.1
802,9.1,93.3
803,9.6,92
804,9.4,90.9
805,8.4,90.2
806,6.6,86
807,3.7,67.7
808,0,0
809,0,0
810,0,0
811,0,0
812,0,0
813,0,0
814,0,0
815,0,0
816,0,0
817,0,0
818,0,0
819,0,0
820,0,0
821,0,0
822,0,0
823,2.7,71.2
824,5.4,87.4
825,7.3,91.9
826,8.6,92.9
827,9.1,91.3
828,8.5,90.8
829,7.7,89.3
830,6.4,84.2
831,3.6,67.1
832,0,0
833,0,0
834,0,0
835,0,0
836,0,0
837,0,0
838,0,0
839,0,0
840,0,0
841,0,0
842,0,0
843,0,0
844,0,0
845,0,0
846,0,0
847,2.7,71.7
848,5.5,87.8
849,7.7,91.3
850,8.7,92.2
851,9,91.6
852,9,90.9
853,8.1,88
854,6.4,83.2
855,3.7,65.8
856,0,0
857,0,0
858,0,0
859,0,0
860,0,0
861,0,0
862,0,0
863,0,0
864,0,0
865,0,0
866,0,0
867,0,0
868,0,0
869,0,0
870,0,0
871,2.6,71.6
872,5.4,87.6
873,7.5,91.5
874,8.6,91.6
875,8.6,89.6
876,8.3,87
877,7.6,82.4
878,6.3,82.1
879,3.7,66.2
880,0,0
881,0,0
882,0,0
883,0,0
884,0,0
885,0,0
886,0,0
887,0,0
888,0,0
889,0,0
890,0,0
891,0,0
892,0,0
893,0,0
894,0,0
895,2.7,71.9
896,5.5,87
897,7.7,90.1
898,9,91.1
899,9.5,92
900,9.2,91.1
901,8.3,87.3
902,6.4,80.1
903,3.8,67.6
904,0,0
905,0,0
906,0,0
907,0,0
908,0,0
909,0,0
910,0,0
911,0,0
912,0,0
913,0,0
914,0,0
915,0,0
916,0,0
917,0,0
918,0,0
919,2.8,75.5
920,5.9,91.5
921,8,94.7
922,9.2,95.4
923,9.8,93.8
924,9.6,91.6
925,8.7,89.4
926,6.8,83.4
927,4,67.9
928,0,0.7
929,0,0
930,0,0
931,0,0
932,0,0
933,0,0
934,0,0
935,0,0
936,0,0
937,0,0
938,0,0
939,0,0
940,0,0
941,0,0
942,0,31.1
943,2.9,74.9
944,5.7,90.9
945,7.9,93.7
946,9,94.3
947,9.3,92.9
948,9.2,91
949,8.1,90.5
950,6.8,86.5
951,4,69.8
952,0.1,1.8
953,0,0
954,0,0
955,0,0
956,0,0
957,0,0
958,0,0
959,0,0
960,0,0
961,0,0
962,0,0
963,0,0
964,0,0
965,0,0
966,0,32.2
967,2.8,75
968,5.7,90.6
969,7.8,96
970,9.1,96.5
971,9.6,95.1
972,9.3,94.4
973,8.1,92.5
974,6.5,87.5
975,4,70.4
976,0.1,7.8
977,0,0
978,0,0
979,0,0
980,0,0
981,0,0
982,0,0
983,0,0
984,0,0
985,0,0
986,0,0
987,0,0
988,0,0
989,0,0
990,0,31.9
991,2.9,74.2
992,5.7,86.8
993,7.8,69.6
994,8.9,97.7
995,9.4,98.5
996,9.4,96.7
997,8.4,95
998,6.7,88.2
999,4,71.3
1000,0.2,12.7
1001,0,0
1002,0,0
1003,0,0
1004,0,0
1005,0,0
1006,0,0
1007,0,0
1008,0,0
1009,0,0
1010,0,0
1011,0,0
1012,0,0
1013,0,0
1014,0,32.9
1015,3,78.9
1016,6,96.4
1017,8.3,101.3
1018,9.7,102.9
1019,10.3,102
1020,10,98.7
1021,9,97.8
1022,6.9,90.2
1023,4.3,74.3
1024,0.2,16.9
1025,0,0
1026,0,0
1027,0,0
1028,0,0
1029,0,0
1030,0,0
1031,0,0
1032,0,0
1033,0,0
1034,0,0
1035,0,0
1036,0,0
1037,0,0
1038,0,36.6
1039,3.1,80.9
1040,6,94.9
1041,8.3,98.1
1042,9.4,99.7
1043,9.7,97.9
1044,9.4,94.7
1045,8.7,93.3
1046,7.1,91.1
1047,4.3,73.3
1048,0.3,20.7
1049,0,0
1050,0,0
1051,0,0
1052,0,0
1053,0,0
1054,0,0
1055,0,0
1056,0,0
1057,0,0
1058,0,0
1059,0,0
1060,0,0
1061,0,0
1062,0,34.4
1063,3.1,76.1
1064,6.1,93.6
1065,8.2,100.5
1066,9.2,101.9
1067,9.9,102.3
1068,9.7,100.3
1069,8.7,97.3
1070,7.1,89.7
1071,4.3,75.8
1072,0.4,26.3
1073,0,0
1074,0,0
1075,0,0
1076,0,0
1077,0,0
1078,0,0
1079,0,0
1080,0,0
1081,0,0
1082,0,0
1083,0,0
1084,0,0
1085,0,0
1086,0,37.1
1087,3.2,81.7
1088,6.3,97.1
1089,8.6,100.6
1090,10,102.1
1091,10.5,101.3
1092,10.2,100.8
1093,9.1,98.9
1094,7.2,91.3
1095,4.5,59.2
1096,0.4,26.7
1097,0,0
1098,0,0
1099,0,0
1100,0,0
1101,0,0
1102,0,0
1103,0,0
1104,0,0
1105,0,0
1106,0,0
1107,0,0
1108,0,0
1109,0,0
1110,0,36.4
1111,2.2,75.9
1112,0.9,96.3
1113,6.1,102.5
1114,4.5,100.7
1115,2.7,94
1116,7.6,90.1
1117,8.6,77.6
1118,5.7,30.2
1119,3.9,70
1120,0.3,29.4
1121,0,0
1122,0,0
1123,0,0
1124,0,0
1125,0,0
1126,0,0
1127,0,0
1128,0,0
1129,0,0
1130,0,0
1131,0,0
1132,0,0
1133,0,0
1134,0,38.1
1135,3.1,78.3
1136,6,92.3
1137,8,96.3
1138,8.9,98
1139,9.6,92.7
1140,9.5,93.3
1141,8.9,95.1
1142,7,93.7
1143,4.3,74.4
1144,0.5,30.2
1145,0,0
1146,0,0
1147,0,0
1148,0,0
1149,0,0
1150,0,0
1151,0,0
1152,0,0
1153,0,0
1154,0,0
1155,0,0
1156,0,0
1157,0,0
1158,0.1,40.6
1159,3.3,81.3
1160,6.2,92.7
1161,8.4,98.7
1162,10,99.8
1163,10.3,98.2
1164,10.3,96.5
1165,9.3,95.5
1166,7.3,93
1167,4.6,76.6
1168,0.6,32.5
1169,0,0
1170,0,0
1171,0,0
1172,0,0
1173,0,0
1174,0,0
1175,0,0
1176,0,0
1177,0,0
1178,0,0
1179,0,0
1180,0,0
1181,0,0
1182,0.1,41.7
1183,3.3,80.5
1184,6.3,93.6
1185,8.4,97.8
1186,9.6,97.7
1187,10,96.1
1188,9.3,95.2
1189,8.6,94.2
1190,7.5,92.9
1191,4.5,76.5
1192,0.7,33.3
1193,0,0
1194,0,0
1195,0,0
1196,0,0
1197,0,0
1198,0,0
1199,0,0
1200,0,0
1201,0,0
1202,0,0
1203,0,0
1204,0,0
1205,0,0
1206,0.1,41.5
1207,3.3,79.7
1208,6.2,93.3
1209,8.2,96.3
1210,9.3,95.6
1211,9.7,93.7
1212,9.6,91.3
1213,8.6,90
1214,7.1,89.4
1215,4.4,74.9
1216,0.7,33.4
1217,0,0
1218,0,0
1219,0,0
1220,0,0
1221,0,0
1222,0,0
1223,0,0
1224,0,0
1225,0,0
1226,0,0
1227,0,0
1228,0,0
1229,0,0
1230,0.1,41.5
1231,3.4,79.4
1232,6.2,91.1
1233,7.9,92.2
1234,8.9,93.6
1235,9.2,93.9
1236,9.1,95.2
1237,8.5,91.9
1238,7.1,85.9
1239,4.4,73.6
1240,0.8,33.9
1241,0,0
1242,0,0
1243,0,0
1244,0,0
1245,0,0
1246,0,0
1247,0,0
1248,0,0
1249,0,0
1250,0,0
1251,0,0
1252,0,0
1253,0,0
1254,0.1,43.4
1255,3.3,80.3
1256,6.1,91.9
1257,8.2,94.3
1258,9.4,94.6
1259,9.7,94.9
1260,9.3,88.9
1261,8.5,90.3
1262,6.9,87.1
1263,4.5,75.3
1264,0.9,35.1
1265,0,0
1266,0,0
1267,0,0
1268,0,0
1269,0,0
1270,0,0
1271,0,0
1272,0,0
1273,0,0
1274,0,0
1275,0,0
1276,0,0
1277,0,0
1278,0.1,36.3
1279,2.9,73.2
1280,5.7,86.4
1281,7.3,70.5
1282,8.7,68
1283,8.4,70
1284,7.3,56.8
1285,6.9,50.8
1286,6,53.1
1287,4.1,70
1288,0.6,35
1289,0,0
1290,0,0
1291,0,0
1292,0,0
1293,0,0
1294,0,0
1295,0,0
1296,0,0
1297,0,0
1298,0,0
1299,0,0
1300,0,0
1301,0,0
1302,0.1,44.4
1303,3.4,75.5
1304,6.2,86.7
1305,8.1,97.2
1306,9.5,97.9
1307,10.1,99
1308,9.6,98.4
1309,8.6,94.5
1310,6.9,89.1
1311,4.4,74.4
1312,0.7,34.3
1313,0,0
1314,0,0
1315,0,0
1316,0,0
1317,0,0
1318,0,0
1319,0,0
1320,0,0
1321,0,0
1322,0,0
1323,0,0
1324,0,0
1325,0,0
1326,0.1,0
1327,2.2,0.1
1328,3.8,13.1
1329,2.7,1.3
1330,2.3,21.2
1331,0.4,24.5
1332,0.3,14.7
1333,0.2,11.4
1334,1.3,0.3
1335,4.6,0
1336,1.3,19.2
1337,0,0
1338,0,0
1339,0,0
1340,0,0
1341,0,0
1342,0,0
1343,0,0
1344,0,0
1345,0,0
1346,0,0
1347,0,0
1348,0,0
1349,0,0
1350,0.2,44.8
1351,3.6,78.7
1352,6.2,91.2
1353,8,92.5
1354,9.1,97
1355,9.9,98.9
1356,9.9,99.7
1357,9,98.1
1358,7.7,93.4
1359,4.7,79.1
1360,1.3,38.5
1361,0,0
1362,0,0
1363,0,0
1364,0,0
1365,0,0
1366,0,0
1367,0,0
1368,0,0
1369,0,0
1370,0,0
1371,0,0
1372,0,0
1373,0,0
1374,0.2,48.4
1375,3.5,83.6
1376,6.3,95.2
1377,8.5,95.1
1378,9.7,96.3
1379,10.3,99.7
1380,9.9,96.8
1381,9.1,97.8
1382,7.4,93.5
1383,4.8,79
1384,1.4,39.5
1385,0,0
1386,0,0
1387,0,0
1388,0,0
1389,0,0
1390,0,0
1391,0,0
1392,0,0
1393,0,0
1394,0,0
1395,0,0
1396,0,0
1397,0,0
1398,0.2,49.9
1399,3.7,86.4
1400,6.5,100.4
1401,6.5,104.2
1402,6.8,104.1
1403,6,96.1
1404,6.4,68.7
1405,2.4,1.3
1406,7.5,0.3
1407,4.7,81
1408,1.4,40.3
1409,0,0
1410,0,0
1411,0,0
1412,0,0
1413,0,0
1414,0,0
1415,0,0
1416,0,0
1417,0,0
1418,0,0
1419,0,0
1420,0,0
1421,0,0
1422,0.2,50.7
1423,3.7,85.3
1424,6.5,100
1425,8.6,103.6
1426,9.5,104.4
1427,9.9,102.7
1428,10,100.8
1429,8.9,102.4
1430,7.6,101.1
1431,4.8,85.4
1432,1.4,43.2
1433,0,0
1434,0,0
1435,0,0
1436,0,0
1437,0,0
1438,0,0
1439,0,0
1440,0,0
1441,0,0
1442,0,0
1443,0,0
1444,0,0
1445,0,0
1446,0.1,36.3
1447,2.9,73.2
1448,5.7,86.4
1449,7.3,70.5
1450,8.7,68
1451,8.4,70
1452,7.3,56.8
1453,6.9,50.8
1454,6,53.1
1455,4.1,70
1456,0.6,35
1457,0,0
1458,0,0
1459,0,0
1460,0,0
1461,0,0
1462,0,0
1463,0,0
1464,0,0
1465,0,0
1466,0,0
1467,0,0
1468,0,0
1469,0,0
1470,0.1,44.4
1471,3.4,75.5
1472,6.2,86.7
1473,8.1,97.2
1474,9.5,97.9
1475,10.1,99
1476,9.6,98.4
1477,8.6,94.5
1478,6.9,89.1
1479,4.4,74.4
1480,0.7,34.3
1481,0,0
1482,0,0
1483,0,0
1484,0,0
1485,0,0
1486,0,0
1487,0,0
1488,0,0
1489,0,0
1490,0,0
1491,0,0
1492,0,0
1493,0,0
1494,0.1,0
1495,2.2,0.1
1496,3.8,13.1
1497,2.7,1.3
1498,2.3,21.2
1499,0.4,24.5
1500,0.3,14.7
1501,0.2,11.4
1502,1.3,0.3
1503,4.6,0
1504,1.3,19.2
1505,0,0
1506,0,0
1507,0,0
1508,0,0
1509,0,0
1510,0,0
1511,0,0
1512,0,0
1513,0,0
1514,0,0
1515,0,0
1516,0,0
1517,0,0
1518,0.2,44.8
1519,3.6,78.7
1520,6.2,91.2
1521,8,92.5
1522,9.1,97
1523,9.9,98.9
1524,9.9,99.7
1525,9,98.1
1526,7.7,93.4
1527,4.7,79.1
1528,1.3,38.5
1529,0,0
1530,0,0
1531,0,0
1532,0,0
1533,0,0
1534,0,0
1535,0,0
1536,0,0
1537,0,0
1538,0,0
1539,0,0
1540,0,0
1541,0,0
1542,0.2,48.4
1543,3.5,83.6
1544,6.3,95.2
1545,8.5,95.1
1546,9.7,96.3
1547,10.3,99.7
1548,9.9,96.8
1549,9.1,97.8
1550,7.4,93.5
1551,4.8,79
1552,1.4,39.5
1553,0,0
1554,0,0
1555,0,0
1556,0,0
1557,0,0
1558,0,0
1559,0,0
1560,0,0
1561,0,0
1562,0,0
1563,0,0
1564,0,0
1565,0,0
1566,0.2,49.9
1567,3.7,86.4
1568,6.5,100.4
1569,6.5,104.2
1570,6.8,104.1
1571,6,96.1
1572,6.4,68.7
1573,2.4,1.3
1574,7.5,0.3
1575,4.7,81
1576,1.4,40.3
1577,0,0
1578,0,0
1579,0,0
1580,0,0
1581,0,0
1582,0,0
1583,0,0
1584,0,0
1585,0,0
1586,0,0
1587,0,0
1588,0,0
1589,0,0
1590,0.2,50.7
1591,3.7,85.3
1592,6.5,100
1593,8.6,103.6
1594,9.5,104.4
1595,9.9,102.7
1596,10,100.8
1597,8.9,102.4
1598,7.6,101.1
1599,4.8,85.4
1600,1.4,43.2
1601,0,0
1602,0,0
1603,0,0
1604,0,0
1605,0,0
1606,0,0
1607,0,0
1608,0,0
1609,0,0
1610,0,0
1611,0,0
1612,0,0
1613,0,0
1614,0.3,53.8
1615,3.6,84.5
1616,6.5,95.1
1617,8.3,98.7
1618,9.5,99.5
1619,9.3,87.2
1620,8.9,94.4
1621,6,88.4
1622,2.7,73.2
1623,3.6,62
1624,0.1,29.4
1625,0,0
1626,0,0
1627,0,0
1628,0,0
1629,0,0
1630,0,0
1631,0,0
1632,0,0
1633,0,0
1634,0,0
1635,0,0
1636,0,0
1637,0,0
1638,0.5,38.5
1639,2.8,22.1
1640,5.4,22.9
1641,5.6,79.8
1642,3.2,80.3
1643,2.1,90
1644,1.8,83.9
1645,2.4,68.7
1646,5.2,78.8
1647,4.4,71.1
1648,1.5,41
1649,0,0
1650,0,0
1651,0,0
1652,0,0
1653,0,0
1654,0,0
1655,0,0
1656,0,0
1657,0,0
1658,0,0
1659,0,0
1660,0,0
1661,0,0
1662,0.3,46.9
1663,3.7,79.3
1664,6.6,101
1665,8.4,105.4
1666,9.1,100.4
1667,9.2,99.7
1668,8.5,106
1669,6.1,105.4
1670,4.6,95.6
1671,4.2,77.3
1672,1.5,19.7
1673,0,0
1674,0,0
1675,0,0
1676,0,0
1677,0,0
1678,0,0
1679,0,0
1680,0,0
1681,0,0
1682,0,0
1683,0,0
1684,0,0
1685,0,0
1686,0.5,0.1
1687,3.2,26.7
1688,6.3,62.2
1689,8.9,108.3
1690,10,110.3
1691,10.3,108
1692,10.2,110
1693,9.3,106.8
1694,7.5,102.4
1695,4.8,87.3
1696,1.5,47.2
1697,0,0
1698,0,0
1699,0,0
1700,0,0
1701,0,0
1702,0,0
1703,0,0
1704,0,0
1705,0,0
1706,0,0
1707,0,0
1708,0,0
1709,0,0
1710,0.6,53.3
1711,2.9,87.9
1712,3.8,101.4
1713,6.9,107.1
1714,9.3,109.3
1715,9.5,107.6
1716,9.4,105.2
1717,8.5,94.8
1718,5.6,96.7
1719,2,28.6
1720,1.5,16.4
1721,0,0
1722,0,0
1723,0,0
1724,0,0
1725,0,0
1726,0,0
1727,0,0
1728,0,0
1729,0,0
1730,0,0
1731,0,0
1732,0,0
1733,0,0
1734,0.7,61.6
1735,4.3,92.4
1736,7.5,105.2
1737,9.7,98.1
1738,11.2,23.8
1739,11,21.9
1740,10.1,15.7
1741,9.6,5.1
1742,8.1,1.9
1743,4.9,85.3
1744,1.8,47.7
1745,0,0
1746,0,0
1747,0,0
1748,0,0
1749,0,0
1750,0,0
1751,0,0
1752,0,0
1753,0,0
1754,0,0
1755,0,0
1756,0,0
1757,0,0
1758,0.9,7.8
1759,3.6,0.2
1760,6.3,0.9
1761,8.2,37.9
1762,1.9,39.5
1763,3.4,6.3
1764,2.1,12.5
1765,5.3,20.4
1766,4.9,60.5
1767,5.2,39
1768,1.8,0
1769,0,0
1770,0,0
1771,0,0
1772,0,0
1773,0,0
1774,0,0
1775,0,0
1776,0,0
1777,0,0
1778,0,0
1779,0,0
1780,0,0
1781,0,0
1782,0.8,67.9
1783,4.3,98.2
1784,7.4,110.4
1785,9.4,114.3
1786,10.6,115.2
1787,10.4,104.7
1788,10.5,4.7
1789,9.9,92.3
1790,8.3,97.2
1791,5.4,90.4
1792,1.8,50.6
1793,0,0
1794,0,0
1795,0,0
1796,0,0
1797,0,0
1798,0,0
1799,0,0
1800,0,0
1801,0,0
1802,0,0
1803,0,0
1804,0,0
1805,0,0
1806,0.9,64.9
1807,4.4,89.8
1808,7.2,103.5
1809,8.8,107.5
1810,10.3,107.2
1811,10.6,105.7
1812,10.3,103.5
1813,9.7,104.2
1814,8,103.2
1815,5.4,83.2
1816,1.9,49.5
1817,0,0
1818,0,0
1819,0,0
1820,0,0
1821,0,0
1822,0,0
1823,0,0
1824,0,0
1825,0,0
1826,0,0
1827,0,0
1828,0,0
1829,0,0
1830,1,66
1831,4.4,91.8
1832,7.3,100.3
1833,9.2,103.3
1834,10.5,105.1
1835,10.9,106.8
1836,10.8,105.5
1837,9.9,103.7
1838,8,95
1839,5.3,85.5
1840,1.8,50.4
1841,0,0
1842,0,0
1843,0,0
1844,0,0
1845,0,0
1846,0,0
1847,0,0
1848,0,0
1849,0,0
1850,0,0
1851,0,0
1852,0,0
1853,0,0
1854,1.1,66.4
1855,4.4,93.2
1856,7.3,102.4
1857,8.8,104.7
1858,10,103.6
1859,10.9,102.9
1860,10.5,99.9
1861,9.4,98.9
1862,7.9,99.1
1863,5.1,85.2
1864,1.9,51
1865,0,0
1866,0,0
1867,0,0
1868,0,0
1869,0,0
1870,0,0
1871,0,0
1872,0,0
1873,0,0
1874,0,0
1875,0,0
1876,0,0
1877,0,0
1878,1.1,61.2
1879,4.2,82.7
1880,6.8,95.2
1881,8.5,99.6
1882,9.4,100.5
1883,9.8,99.9
1884,8.6,99.1
1885,5.1,90.6
1886,5.1,75.3
1887,2.8,58.3
1888,1.2,33
1889,0,0
1890,0,0
1891,0,0
1892,0,0
1893,0,0
1894,0,0
1895,0,0
1896,0,0
1897,0,0
1898,0,0
1899,0,0
1900,0,0
1901,0,0
1902,1.3,44.9
1903,3.9,77.8
1904,6,99.4
1905,8.3,103.8
1906,9.8,102.1
1907,10.5,101.1
1908,10.3,100
1909,9.3,98.4
1910,7.7,97.2
1911,2.4,86.5
1912,1.5,51.8
1913,0,0
1914,0,0
1915,0,0
1916,0,0
1917,0,0
1918,0,0
1919,0,0
1920,0,0
1921,0,0
1922,0,0
1923,0,0
1924,0,0
1925,0,0
1926,1.4,51.3
1927,4.1,84.5
1928,4.2,103.4
1929,0.4,96.9
1930,1.5,88.2
1931,2.7,42.5
1932,9.4,35.2
1933,8.9,1.9
1934,7.4,13.1
1935,4.7,0.1
1936,1.9,2.6
1937,0,0
1938,0,0
1939,0,0
1940,0,0
1941,0,0
1942,0,0
1943,0,0
1944,0,0
1945,0,0
1946,0,0
1947,0,0
1948,0,0
1949,0,0
1950,1.4,38.7
1951,4.5,48.4
1952,7.3,73.6
1953,9.2,69.3
1954,10.1,11.9
1955,9,6.8
1956,7.2,4.8
1957,4.2,16.9
1958,3.2,79.3
1959,5,81.8
1960,2,50.2
1961,0,0
1962,0,0
1963,0,0
1964,0,0
1965,0,0
1966,0,0
1967,0,0
1968,0,0
1969,0,0
1970,0,0
1971,0,0
1972,0,0
1973,0,0
1974,1.5,69.2
1975,4.5,88.4
1976,7.4,103.2
1977,9.6,107.6
1978,10.8,108.4
1979,11.2,107.5
1980,11,106.4
1981,10.1,106.3
1982,8.2,100.3
1983,5.5,88.6
1984,1.9,55
1985,0,0
1986,0,0
1987,0,0
1988,0,0
1989,0,0
1990,0,0
1991,0,0
1992,0,0
1993,0,0
1994,0,0
1995,0,0
1996,0,0
1997,0,0
1998,0.1,39.8
1999,1.7,0.3
2000,6.1,2.2
2001,9.4,4
2002,11,19.1
2003,11.5,21.6
2004,9.8,68.6
2005,10,95.3
2006,7.6,60.8
2007,5.4,18.6
2008,2.1,54
2009,0,0
2010,0,0
2011,0,0
2012,0,0
2013,0,0
2014,0,0
2015,0,0
2016,0,0
2017,0,0
2018,0,0
2019,0,0
2020,0,0
2021,0,0
2022,1.5,70.9
2023,4.6,93.4
2024,7.2,101.7
2025,8.9,103.3
2026,10.2,102.5
2027,10.8,102.7
2028,10.2,100.3
2029,9.4,97.9
2030,8.1,98.1
2031,5.4,84.6
2032,2.1,55.4
2033,0,0
2034,0,0
2035,0,0
2036,0,0
2037,0,0
2038,0,0
2039,0,0
2040,0,0
2041,0,0
2042,0,0
2043,0,0
2044,0,0
2045,0,0
2046,1.6,67
2047,4.7,90.2
2048,7.4,99
2049,9.3,100.3
2050,10.3,96.9
2051,10.7,99
2052,10.4,97.4
2053,9.5,95.6
2054,7.8,93.4
2055,5.4,83.1
2056,2,53.9
2057,0,0
2058,0,0
2059,0,0
2060,0,0
2061,0,0
2062,0,0
2063,0,0
2064,0,0
2065,0,0
2066,0,0
2067,0,0
2068,0,0
2069,0,0
2070,1.6,65.4
2071,4.6,88.8
2072,7.1,99
2073,8.9,99.7
2074,10.1,97.7
2075,10.5,96.1
2076,10.1,97.9
2077,9,94.6
2078,7.9,92.9
2079,5.3,83.2
2080,2,54.5
2081,0,0
2082,0,0
2083,0,0
2084,0,0
2085,0,0
2086,0,0
2087,0,0
2088,0,0
2089,0,0
2090,0,0
2091,0,0
2092,0,0
2093,0,0
2094,1.6,69.3
2095,4.4,90.1
2096,7.1,99.1
2097,8.7,100.2
2098,8.4,97.3
2099,9.6,96.1
2100,10.2,89.6
2101,8.5,77.9
2102,4.5,76.6
2103,2.2,77.6
2104,1.5,40.6
2105,0,0
2106,0,0
2107,0,0
2108,0,0
2109,0,0
2110,0,0
2111,0,0
2112,0,0
2113,0,0
2114,0,0
2115,0,0
2116,0,0
2117,0,0
2118,1.7,72.1
2119,5,91.6
2120,7.9,101.7
2121,9.8,103.5
2122,10.9,103.4
2123,11.1,101.5
2124,10.7,100.1
2125,9.8,100
2126,8.3,98.3
2127,5.4,80.3
2128,2.1,50.4
2129,0,0
2130,0,0
2131,0,0
2132,0,0
2133,0,0
2134,0,0
2135,0,0
2136,0,0
2137,0,0
2138,0,0
2139,0,0
2140,0,0
2141,0,0
2142,1.7,57.1
2143,4.3,76.5
2144,6.5,73
2145,7.7,57.5
2146,9.4,66.8
2147,8.7,12.6
2148,7.1,15.8
2149,2.6,30.6
2150,3.5,0.5
2151,4.1,3.4
2152,0.8,0.1
2153,0,0
2154,0,0
2155,0,0
2156,0,0
2157,0,0
2158,0,0
2159,0,0
2160,0,0
2161,0,0
2162,0,0
2163,0,0
2164,0,0
2165,0,0
2166,0.4,0
2167,0.1,4.7
2168,0.2,12.1
2169,5.6,34.4
2170,4.8,57.7
2171,1.8,70.9
2172,1.4,72
2173,0.3,26.8
2174,7.1,0.5
2175,4.1,30.6
2176,1.8,5.2
2177,0,0
2178,0,0
2179,0,0
2180,0,0
2181,0,0
2182,0,0
2183,0,0
2184,0,0
2185,0,0
2186,0,0
2187,0,0
2188,0,0
2189,0,0
2190,1.8,0
2191,5.2,0.4
2192,8.1,14
2193,10,12.4
2194,11.3,7.3
2195,11.8,37.3
2196,11.1,5.7
2197,7.4,74.6
2198,8.1,36.4
2199,5.7,37.2
2200,2.3,55.1
2201,0,0
2202,0,0
2203,0,0
2204,0,0
2205,0,0
2206,0,0
2207,0,0
2208,0,0
2209,0,0
2210,0,0
2211,0,0
2212,0,0
2213,0,26
2214,1.9,65.8
2215,5,89.2
2216,7.6,85.5
2217,9.2,98
2218,9.8,92.1
2219,9.3,93.1
2220,10.1,99.2
2221,9.5,91.4
2222,8.1,96.2
2223,5.5,88
2224,2.2,58.6
2225,0,0
2226,0,0
2227,0,0
2228,0,0
2229,0,0
2230,0,0
2231,0,0
2232,0,0
2233,0,0
2234,0,0
2235,0,0
2236,0,0
2237,0,26.4
2238,1.8,67.3
2239,4.5,88.3
2240,6.4,95.5
2241,8.5,94.9
2242,7,81.5
2243,4.7,74.7
2244,6,68.9
2245,3.8,62.8
2246,0.1,48.1
2247,2.7,18.6
2248,1,0.3
2249,0,0
2250,0,0
2251,0,0
2252,0,0
2253,0,0
2254,0,0
2255,0,0
2256,0,0
2257,0,0
2258,0,0
2259,0,0
2260,0,0
2261,0,15.4
2262,1.9,69.8
2263,5.1,92.3
2264,7.8,103.5
2265,9.8,102.2
2266,11,90.4
2267,11.6,21.1
2268,11.2,16.2
2269,10.1,70
2270,8.3,71.6
2271,5.5,77.1
2272,2.2,45.8
2273,0,0
2274,0,0
2275,0,0
2276,0,0
2277,0,0
2278,0,0
2279,0,0
2280,0,0
2281,0,0
2282,0,0
2283,0,0
2284,0,0
2285,0,21.2
2286,1.9,70.7
2287,4.9,90.9
2288,7.6,99.4
2289,9.4,100.3
2290,10.5,100.3
2291,10.5,102.4
2292,10.4,100.7
2293,9.1,100.7
2294,7,98.9
2295,5.3,84.1
2296,2.1,50.8
2297,0,0
2298,0,0
2299,0,0
2300,0,0
2301,0,0
2302,0,0
2303,0,0
2304,0,0
2305,0,0
2306,0,0
2307,0,0
2308,0,0
2309,0,3.5
2310,1.8,23.9
2311,4.3,46.9
2312,5.8,78.5
2313,7.7,86.5
2314,8.5,82.4
2315,5.7,68.7
2316,6.5,63.3
2317,5.3,77.5
2318,0.9,78.7
2319,3.2,51.4
2320,1.4,19.8
2321,0,0
2322,0,0
2323,0,0
2324,0,0
2325,0,0
2326,0,0
2327,0,0
2328,0,0
2329,0,0
2330,0,0
2331,0,0
2332,0,0
2333,0,0
2334,0,0
2335,0.1,1.2
2336,1.3,40.4
2337,3.8,4.3
2338,0.7,5.6
2339,2.8,6.4
2340,0.6,9.1
2341,2.2,27.6
2342,4.3,0.6
2343,4.8,66.7
2344,1.7,38.1
2345,0,0
2346,0,0
2347,0,0
2348,0,0
2349,0,0
2350,0,0
2351,0,0
2352,0,0
2353,0,0
2354,0,0
2355,0,0
2356,0,0
2357,0,24
2358,2.1,76.9
2359,5.3,95
2360,8.3,101
2361,10.1,110.1
2362,11.4,96.7
2363,11.9,10.8
2364,11.6,57.9
2365,10.5,15.4
2366,8.1,27.9
2367,5.7,0.1
2368,2.3,0
2369,0,0
2370,0,0
2371,0,0
2372,0,0
2373,0,0
2374,0,0
2375,0,0
2376,0,0
2377,0,0
2378,0,0
2379,0,0
2380,0,0
2381,0,26
2382,2.1,75.2
2383,5.3,96.4
2384,7.9,106.2
2385,9.5,108.2
2386,10,108.5
2387,10.6,107.2
2388,10.8,106
2389,9.8,104.4
2390,8.4,104.3
2391,5.5,86.6
2392,2.2,55.1
2393,0,0
2394,0,0
2395,0,0
2396,0,0
2397,0,0
2398,0,0
2399,0,0
2400,0,0
2401,0,0
2402,0,0
2403,0,0
2404,0,0
2405,0,25.4
2406,2.1,68.6
2407,5.2,87.8
2408,7.6,96.3
2409,9,101.3
2410,10.4,100.4
2411,10.9,98.8
2412,10.5,100.2
2413,9.6,100.4
2414,8.1,98.7
2415,5.5,85.2
2416,2.2,54.6
2417,0,0
2418,0,0
2419,0,0
2420,0,0
2421,0,0
2422,0,0
2423,0,0
2424,0,0
2425,0,0
2426,0,0
2427,0,0
2428,0,0
2429,0,29.4
2430,2.1,71.5
2431,5.3,92.7
2432,8,102.8
2433,9.7,104.7
2434,10.8,104.7
2435,10.9,105.1
2436,10.5,104.1
2437,9.5,101.4
2438,8,95.7
2439,5.4,85.5
2440,2.2,55.1
2441,0,0
2442,0,0
2443,0,0
2444,0,0
2445,0,0
2446,0,0
2447,0,0
2448,0,0
2449,0,0
2450,0,0
2451,0,0
2452,0,0
2453,0,30.5
2454,2.1,71.1
2455,5,90.6
2456,7.4,102.2
2457,9.4,104.8
2458,10.4,105.5
2459,10.8,104.7
2460,10.7,103.6
2461,9.8,101.9
2462,8.1,97.8
2463,5.5,85.3
2464,2.3,55
2465,0,0
2466,0,0
2467,0,0
2468,0,0
2469,0,0
2470,0,0
2471,0,0
2472,0,0
2473,0,0
2474,0,0
2475,0,0
2476,0,0
2477,0,32.2
2478,2.2,76.3
2479,5.5,95.8
2480,8,104.3
2481,9.6,106.7
2482,10.7,105.5
2483,11.2,102.9
2484,10.2,92.9
2485,9.1,95.2
2486,8,92.6
2487,5.3,86.1
2488,2.2,55.9
2489,0,0
2490,0,0
2491,0,0
2492,0,0
2493,0,0
2494,0,0
2495,0,0
2496,0,0
2497,0,0
2498,0,0
2499,0,0
2500,0,0
2501,0,27.2
2502,2.2,49.3
2503,5.3,65.9
2504,8,79
2505,9.1,89.5
2506,9.9,92.8
2507,10.1,83.2
2508,8.1,73.4
2509,6.3,64.2
2510,6.2,61.6
2511,5.5,61.5
2512,2.2,31.4
2513,0,0
2514,0,0
2515,0,0
2516,0,0
2517,0,0
2518,0,0
2519,0,0
2520,0,0
2521,0,0
2522,0,0
2523,0,0
2524,0,0
2525,0,37.1
2526,2.2,71.6
2527,5.3,89.5
2528,7.6,96.7
2529,9.3,96.2
2530,10.2,100.1
2531,10.6,102.7
2532,10.6,102.1
2533,9.7,100.6
2534,8,98
2535,5.5,85
2536,2.3,55.5
2537,0,0
2538,0,0
2539,0,0
2540,0,0
2541,0,0
2542,0,0
2543,0,0
2544,0,0
2545,0,0
2546,0,0
2547,0,0
2548,0,0
2549,0,36.9
2550,2.2,72
2551,5,87
2552,7.2,96
2553,9,100.7
2554,9.5,100.6
2555,10.1,98.6
2556,10.2,98.8
2557,9.3,96.9
2558,7.9,95.4
2559,5.4,83
2560,2.3,54.4
2561,0,0
2562,0,0
2563,0,0
2564,0,0
2565,0,0
2566,0,0
2567,0,0
2568,0,0
2569,0,0
2570,0,0
2571,0,0
2572,0,0
2573,0,29
2574,2.2,21.2
2575,4.6,42.6
2576,5.2,31.7
2577,7,23.4
2578,7.2,16.2
2579,5.7,87.2
2580,4.6,42.4
2581,6.5,101.5
2582,2.6,90
2583,0,0.1
2584,1.4,0
2585,0,0
2586,0,0
2587,0,0
2588,0,0
2589,0,0
2590,0,0
2591,0,0
2592,0,0
2593,0,0
2594,0,0
2595,0,0
2596,0,0
2597,0,36.1
2598,2.3,73.3
2599,5.3,91.8
2600,7.8,100.5
2601,9.3,103.2
2602,10.3,104.4
2603,10.4,103.9
2604,10.1,102.7
2605,9.6,101.6
2606,8.1,100.1
2607,5.5,85.7
2608,2.4,57.3
2609,0,0
2610,0,0
2611,0,0
2612,0,0
2613,0,0
2614,0,0
2615,0,0
2616,0,0
2617,0,0
2618,0,0
2619,0,0
2620,0,0
2621,0,41.1
2622,2.4,75.4
2623,5.5,93.9
2624,8,102.1
2625,9.7,104
2626,10.8,103.5
2627,11.2,101.6
2628,11,101.5
2629,10,99.9
2630,8,97.4
2631,5.6,85.3
2632,2.4,57.8
2633,0,0
2634,0,0
2635,0,0
2636,0,0
2637,0,0
2638,0,0
2639,0,0
2640,0,0
2641,0,0
2642,0,0
2643,0,0
2644,0,0
2645,0,43.4
2646,2.4,77.9
2647,5.5,96.6
2648,8.2,105.5
2649,10,107.7
2650,11.2,105.7
2651,11.5,105.8
2652,11.1,104.1
2653,10,100
2654,8.3,97.5
2655,5.7,86.9
2656,2.4,59.5
2657,0,0
2658,0,0
2659,0,0
2660,0,0
2661,0,0
2662,0,0
2663,0,0
2664,0,0
2665,0,0
2666,0,0
2667,0,0
2668,0,0
2669,0,45.2
2670,2.5,78.1
2671,5.7,95.3
2672,8.3,104.3
2673,10.1,105.3
2674,11.2,104.6
2675,11.5,103.7
2676,11.1,102.8
2677,9.9,101.4
2678,8.3,94.3
2679,5.6,83.8
2680,2.4,50.3
2681,0,0
2682,0,0
2683,0,0
2684,0,0
2685,0,0
2686,0,0
2687,0,0
2688,0,0
2689,0,0
2690,0,0
2691,0,0
2692,0,0
2693,0,44.6
2694,2.5,76.7
2695,5.6,92.9
2696,8.1,98.9
2697,9.8,100
2698,10.7,99.8
2699,10.9,99.3
2700,10.7,97.9
2701,9.6,96
2702,8.1,97.4
2703,5.5,84.4
2704,2.4,58
2705,0,0
2706,0,0
2707,0,0
2708,0,0
2709,0,0
2710,0,0
2711,0,0
2712,0,0
2713,0,0
2714,0,0
2715,0,0
2716,0,0
2717,0,38.7
2718,2.4,74
2719,5.5,89.6
2720,7.9,96
2721,9.6,95.9
2722,10.3,96.5
2723,10.3,97.5
2724,10,97.2
2725,9,94.7
2726,7.7,90.2
2727,5.2,79.7
2728,2.3,56
2729,0,0
2730,0,0
2731,0,0
2732,0,0
2733,0,0
2734,0,0
2735,0,0
2736,0,0
2737,0,0
2738,0,0
2739,0,0
2740,0,0
2741,0.1,36.6
2742,2.5,53.6
2743,5.4,62.1
2744,6.3,55.5
2745,8.4,64.1
2746,9.7,86.5
2747,10.1,90.2
2748,9.4,85.9
2749,8.9,72.5
2750,7.4,87.4
2751,3.6,59.8
2752,1.5,49
2753,0,0
2754,0,0
2755,0,0
2756,0,0
2757,0,0
2758,0,0
2759,0,0
2760,0,0
2761,0,0
2762,0,0
2763,0,0
2764,0,0
2765,0,41
2766,2.5,74.9
2767,5.3,89.2
2768,7.9,97.5
2769,9.6,103
2770,10.7,103.2
2771,10.9,102.3
2772,10.7,102.5
2773,9.6,99.3
2774,7.9,92.9
2775,5.5,84.5
2776,2.4,59
2777,0,0
2778,0,0
2779,0,0
2780,0,0
2781,0,0
2782,0,0
2783,0,0
2784,0,0
2785,0,0
2786,0,0
2787,0,0
2788,0,0
2789,0,43.4
2790,2.6,79.1
2791,5.6,96.9
2792,8.1,105.3
2793,9.7,107.6
2794,10.5,107.5
2795,10.9,106.3
2796,10.7,104.5
2797,9.6,101.9
2798,8.1,97.4
2799,5.6,85
2800,2.3,44.3
2801,0,0
2802,0,0
2803,0,0
2804,0,0
2805,0,0
2806,0,0
2807,0,0
2808,0,0
2809,0,0
2810,0,0
2811,0,0
2812,0,0
2813,0.1,42.7
2814,2.6,76.8
2815,5.6,93.3
2816,8,100.3
2817,9.5,102.9
2818,10.1,101.5
2819,10.5,100.9
2820,9.7,100
2821,9,98
2822,7.9,98.4
2823,5.2,83.9
2824,2.4,58.9
2825,0,0
2826,0,0
2827,0,0
2828,0,0
2829,0,0
2830,0,0
2831,0,0
2832,0,0
2833,0,0
2834,0,0
2835,0,0
2836,0,0
2837,0.1,40.5
2838,2.6,70.6
2839,5.5,82.1
2840,7.8,85.3
2841,9.1,93
2842,10.2,96.5
2843,10.1,96.4
2844,9.5,93.8
2845,8.6,92.5
2846,7.6,89.1
2847,5.4,76.7
2848,2.4,54.7
2849,0,0
2850,0,0
2851,0,0
2852,0,0
2853,0,0
2854,0,0
2855,0,0
2856,0,0
2857,0,0
2858,0,0
2859,0,0
2860,0,0
2861,0.1,43.8
2862,2.6,76.3
2863,5.5,92.7
2864,7.7,97.4
2865,9.1,100.5
2866,9.9,99.5
2867,9.8,95
2868,9.9,94.5
2869,9,92.6
2870,7,90
2871,5.1,79.8
2872,2.4,55.5
2873,0,0
2874,0,0
2875,0,0
2876,0,0
2877,0,0
2878,0,0
2879,0,0
2880,0,0
2881,0,0
2882,0,0
2883,0,0
2884,0,0
2885,0.1,38
2886,2.3,76.3
2887,3.1,90.4
2888,5.8,97.9
2889,7.8,72.2
2890,9.8,73.6
2891,8,60.2
2892,7.2,69.8
2893,8.4,11.6
2894,7.7,46.3
2895,5.4,15.6
2896,2.5,19.5
2897,0,0
2898,0,0
2899,0,0
2900,0,0
2901,0,0
2902,0,0
2903,0,0
2904,0,0
2905,0,0
2906,0,0
2907,0,0
2908,0,0
2909,0.1,45.9
2910,2.7,79.8
2911,5.5,97.1
2912,7.9,104
2913,9.2,105.2
2914,9.6,104.1
2915,10.3,101.6
2916,10,102.4
2917,9.1,97.8
2918,8,95.4
2919,5.4,84.3
2920,2.4,59.9
2921,0,0.2
2922,0,0
2923,0,0
2924,0,0
2925,0,0
2926,0,0
2927,0,0
2928,0,0
2929,0,0
2930,0,0
2931,0,0
2932,0,0
2933,0.1,46.2
2934,2.7,76
2935,5.6,91.1
2936,7.9,99.1
2937,9.4,101.3
2938,10.1,101.1
2939,10.1,100.3
2940,9.8,99.9
2941,8.8,97.8
2942,7.4,94.6
2943,5.4,84.7
2944,2.5,60.9
2945,0,1.7
2946,0,0
2947,0,0
2948,0,0
2949,0,0
2950,0,0
2951,0,0
2952,0,0
2953,0,0
2954,0,0
2955,0,0
2956,0,0
2957,0.1,45
2958,2.8,76
2959,6.1,93.8
2960,8.3,102.3
2961,9.3,100
2962,9.7,98.2
2963,9.6,97.1
2964,9.7,96.7
2965,7.2,96.4
2966,4,93.8
2967,5.6,83
2968,2.5,57.4
2969,0,0.3
2970,0,0
2971,0,0
2972,0,0
2973,0,0
2974,0,0
2975,0,0
2976,0,0
2977,0,0
2978,0,0
2979,0,0
2980,0,0
2981,0.1,43.1
2982,2.7,72.5
2983,5.5,88
2984,7.7,93.9
2985,9.1,95
2986,9.7,96.8
2987,10.2,94.8
2988,10,97.4
2989,8.6,96.3
2990,7.3,91.3
2991,5.3,81.9
2992,2.4,57
2993,0,1.9
2994,0,0
2995,0,0
2996,0,0
2997,0,0
2998,0,0
2999,0,0
3000,0,0
3001,0,0
3002,0,0
3003,0,0
3004,0,0
3005,0.1,44.6
3006,2.6,73.1
3007,5.4,89.6
3008,7.7,97.1
3009,8.7,98.8
3010,9.9,97.8
3011,9.9,98.5
3012,10.1,97.6
3013,9,96.7
3014,7.6,92.6
3015,5.1,82.4
3016,2.5,58
3017,0,3.2
3018,0,0
3019,0,0
3020,0,0
3021,0,0
3022,0,0
3023,0,0
3024,0,0
3025,0,0
3026,0,0
3027,0,0
3028,0,0
3029,0.1,44.8
3030,2.7,75.9
3031,5.6,90.6
3032,7.8,98.4
3033,9.3,100.2
3034,10.3,100.6
3035,10.7,101.1
3036,10.4,100
3037,9.3,97.4
3038,7.7,89.6
3039,5.4,82.9
3040,2.5,57.7
3041,0,3
3042,0,0
3043,0,0
3044,0,0
3045,0,0
3046,0,0
3047,0,0
3048,0,0
3049,0,0
3050,0,0
3051,0,0
3052,0,0
3053,0.2,44
3054,2.7,73.9
3055,5.2,84.7
3056,7.1,92.7
3057,8.8,93.3
3058,8.8,98.2
3059,9.3,97.8
3060,9.8,96.6
3061,9.5,95.9
3062,6.8,92.7
3063,5.6,84.6
3064,2.6,59
3065,0,5.6
3066,0,0
3067,0,0
3068,0,0
3069,0,0
3070,0,0
3071,0,0
3072,0,0
3073,0,0
3074,0,0
3075,0,0
3076,0,0
3077,0.2,45.6
3078,2.9,76
3079,5.2,91.8
3080,8,97.8
3081,9.1,98.5
3082,9.7,99.7
3083,11.2,101.1
3084,10.7,97.8
3085,9.7,63.7
3086,8.1,47.4
3087,5.6,83.1
3088,2.6,59.6
3089,0,7.3
3090,0,0
3091,0,0
3092,0,0
3093,0,0
3094,0,0
3095,0,0
3096,0,0
3097,0,0
3098,0,0
3099,0,0
3100,0,0
3101,0.1,45.4
3102,2.8,72.6
3103,5.7,87.3
3104,7.9,89.4
3105,9.1,94.1
3106,9.8,95
3107,10.2,94.2
3108,10,93.8
3109,9.3,94
3110,7.9,93.7
3111,5.5,82.3
3112,2.6,59
3113,0,8.3
3114,0,0
3115,0,0
3116,0,0
3117,0,0
3118,0,0
3119,0,0
3120,0,0
3121,0,0
3122,0,0
3123,0,0
3124,0,0
3125,0.1,46.6
3126,2.8,72.5
3127,5.4,86.3
3128,7.5,92.7
3129,9.2,95.1
3130,10,94.8
3131,10.3,94.1
3132,10,97.3
3133,9.2,95.6
3134,7.7,92.9
3135,5.5,81.3
3136,2.6,58.3
3137,0,12.6
3138,0,0
3139,0,0
3140,0,0
3141,0,0
3142,0,0
3143,0,0
3144,0,0
3145,0,0
3146,0,0
3147,0,0
3148,0,0
3149,0.2,40.7
3150,2.7,70.1
3151,5.3,87.6
3152,7.4,96.5
3153,9.1,99.3
3154,10.1,97.8
3155,10.3,97.4
3156,10,97.4
3157,9.2,95.7
3158,7.8,91.9
3159,5.4,82.3
3160,2.6,59.2
3161,0,13
3162,0,0
3163,0,0
3164,0,0
3165,0,0
3166,0,0
3167,0,0
3168,0,0
3169,0,0
3170,0,0
3171,0,0
3172,0,0
3173,0.1,46.9
3174,2.8,75.3
3175,5.8,89.2
3176,8.1,95.2
3177,9.7,96.3
3178,10.4,93.5
3179,10.3,95.1
3180,9.7,94.3
3181,8.8,92.5
3182,7.5,91.5
3183,5.4,82.3
3184,2.6,59.2
3185,0,13.6
3186,0,0
3187,0,0
3188,0,0
3189,0,0
3190,0,0
3191,0,0
3192,0,0
3193,0,0
3194,0,0
3195,0,0
3196,0,0
3197,0.1,47.5
3198,2.9,73.5
3199,5.8,87
3200,8.1,93.5
3201,9.6,95.9
3202,10.4,93.8
3203,10.5,93.2
3204,10,94
3205,9,93.5
3206,7.5,90.8
3207,5.4,81.3
3208,2.6,59
3209,0,13.9
3210,0,0
3211,0,0
3212,0,0
3213,0,0
3214,0,0
3215,0,0
3216,0,0
3217,0,0
3218,0,0
3219,0,0
3220,0,0
3221,0.1,46.5
3222,2.8,72.2
3223,5.7,86.1
3224,8,89.7
3225,9.3,89.6
3226,9.8,92
3227,9.4,91.7
3228,9.1,89.9
3229,8.6,89.4
3230,7.4,86.1
3231,5.1,78
3232,2.5,55.8
3233,0,13.7
3234,0,0
3235,0,0
3236,0,0
3237,0,0
3238,0,0
3239,0,0
3240,0,0
3241,0,0
3242,0,0
3243,0,0
3244,0,0
3245,0.1,44.7
3246,2.8,70.8
3247,5.5,85.5
3248,7.5,91.1
3249,8.8,92.3
3250,9.5,91.4
3251,9.8,90.7
3252,9.2,90.4
3253,8.8,88.1
3254,7.4,85.4
3255,4.9,78.4
3256,2.4,58
3257,0,14.6
3258,0,0
3259,0,0
3260,0,0
3261,0,0
3262,0,0
3263,0,0
3264,0,0
3265,0,0
3266,0,0
3267,0,0
3268,0,0
3269,0.1,41.9
3270,2.7,68.9
3271,5.4,83.5
3272,7.7,93
3273,9.1,95.7
3274,9.9,96.9
3275,9.9,96.1
3276,9.7,94.2
3277,9.1,92.3
3278,7.4,88.4
3279,5.4,80.7
3280,2.6,59.2
3281,0,15.3
3282,0,0
3283,0,0
3284,0,0
3285,0,0
3286,0,0
3287,0,0
3288,0,0
3289,0,0
3290,0,0
3291,0,0
3292,0,0
3293,0.2,47
3294,2.8,71.6
3295,5.4,83.7
3296,7.6,88
3297,8.9,88.4
3298,9.8,91.9
3299,9.9,90
3300,9.8,91.3
3301,8.5,89.9
3302,7.5,88.9
3303,5.1,78.4
3304,2.5,58.5
3305,0,15.7
3306,0,0
3307,0,0
3308,0,0
3309,0,0
3310,0,0
3311,0,0
3312,0,0
3313,0,0
3314,0,0
3315,0,0
3316,0,0
3317,0.2,46
3318,2.8,71.7
3319,5.5,84.8
3320,7.6,90.5
3321,9,93.4
3322,9.4,93.7
3323,9.5,96
3324,9.5,96.1
3325,8.8,94.3
3326,7,86.3
3327,5.2,78.7
3328,2.6,58.2
3329,0,15.9
3330,0,0
3331,0,0
3332,0,0
3333,0,0
3334,0,0
3335,0,0
3336,0,0
3337,0,0
3338,0,0
3339,0,0
3340,0,0
3341,0.3,41.1
3342,2.7,50.9
3343,5,56.3
3344,7,80.7
3345,8.5,90.7
3346,9.3,88.3
3347,9.7,26.3
3348,9.4,31.9
3349,8.7,10.1
3350,7.4,47.6
3351,4.4,8.8
3352,0.5,0.3
3353,0,0
3354,0,0
3355,0,0
3356,0,0
3357,0,0
3358,0,0
3359,0,0
3360,0,0
3361,0,0
3362,0,0
3363,0,0
3364,0,0
3365,0.2,43
3366,2.8,68
3367,5.2,75.2
3368,7.3,84.5
3369,8.5,90
3370,9.2,51.1
3371,9.6,8.6
3372,9.1,6.4
3373,8.5,77
3374,6.4,74.8
3375,5.1,80.2
3376,2.5,57.5
3377,0,15.9
3378,0,0
3379,0,0
3380,0,0
3381,0,0
3382,0,0
3383,0,0
3384,0,0
3385,0,0
3386,0,0
3387,0,0
3388,0,0
3389,0.1,46.7
3390,2.7,68.8
3391,5.3,81
3392,7.2,88.7
3393,8.5,92.6
3394,9.4,92.8
3395,9.4,92.3
3396,2.2,91.9
3397,8.7,90.8
3398,5.8,88.7
3399,3.8,79.1
3400,0.1,58.8
3401,0,17.2
3402,0,0
3403,0,0
3404,0,0
3405,0,0
3406,0,0
3407,0,0
3408,0,0
3409,0,0
3410,0,0
3411,0,0
3412,0,0
3413,0.1,46
3414,2.7,68.6
3415,5.2,85.2
3416,7.4,93.1
3417,8.9,94.8
3418,9.8,95.5
3419,10,93.9
3420,8.7,94.2
3421,8.6,92.2
3422,7.4,89.3
3423,4.6,80.2
3424,2.5,59.3
3425,0,17.8
3426,0,0
3427,0,0
3428,0,0
3429,0,0
3430,0,0
3431,0,0
3432,0,0
3433,0,0
3434,0,0
3435,0,0
3436,0,0
3437,0.2,46.6
3438,2.8,71.4
3439,5.4,87.2
3440,7.6,94.1
3441,9,96.9
3442,9.7,95.8
3443,10.2,95.3
3444,9.8,94.2
3445,9,94.1
3446,7.5,90.4
3447,5.3,81.8
3448,2.7,60.6
3449,0,18.5
3450,0,0
3451,0,0
3452,0,0
3453,0,0
3454,0,0
3455,0,0
3456,0,0
3457,0,0
3458,0,0
3459,0,0
3460,0,0
3461,0.2,7.5
3462,2.8,0.3
3463,5,4.8
3464,7.1,81.5
3465,8.8,95.3
3466,10,95.3
3467,10.4,95.1
3468,10.2,94
3469,9.2,93.5
3470,7.7,90.3
3471,5.5,82.3
3472,2.7,61.4
3473,0,18.9
3474,0,0
3475,0,0
3476,0,0
3477,0,0
3478,0,0
3479,0,0
3480,0,0
3481,0,0
3482,0,0
3483,0,0
3484,0,0
3485,0.4,44
3486,2.9,62
3487,4.4,79.6
3488,4.6,35.6
3489,7.9,21.3
3490,10.1,57.8
3491,1.4,12.1
3492,4.2,31.4
3493,1.4,91.4
3494,5.5,88.8
3495,5.4,70.3
3496,2.8,60.3
3497,0,19.8
3498,0,0
3499,0,0
3500,0,0
3501,0,0
3502,0,0
3503,0,0
3504,0,0
3505,0,0
3506,0,0
3507,0,0
3508,0,0
3509,0.2,50.6
3510,2.9,75.5
3511,5.6,87.5
3512,7.8,91.8
3513,9.4,94.9
3514,9.8,94.5
3515,10,91.6
3516,9.8,92.8
3517,8.7,92.9
3518,7.8,93.8
3519,5.4,80.8
3520,2.8,61.1
3521,0.1,20.1
3522,0,0
3523,0,0
3524,0,0
3525,0,0
3526,0,0
3527,0,0
3528,0,0
3529,0,0
3530,0,0
3531,0,0
3532,0,0
3533,0.2,49.2
3534,2.8,72.7
3535,5.5,85.2
3536,7.3,90
3537,8.8,91.4
3538,9.2,91.4
3539,9.8,91.2
3540,9.4,91.2
3541,8.7,88.3
3542,7.2,87.2
3543,5.3,78.1
3544,2.7,59.3
3545,0.1,20
3546,0,0
3547,0,0
3548,0,0
3549,0,0
3550,0,0
3551,0,0
3552,0,0
3553,0,0
3554,0,0
3555,0,0
3556,0,0
3557,0.2,48.7
3558,2.8,73.4
3559,5.3,86
3560,7.4,92
3561,8.9,94.3
3562,9.7,95.6
3563,10,95.9
3564,9.7,95.3
3565,8.9,93.9
3566,7.4,88
3567,5.3,80.6
3568,2.7,61.5
3569,0.1,20.8
3570,0,0
3571,0,0
3572,0,0
3573,0,0
3574,0,0
3575,0,0
3576,0,0
3577,0,0
3578,0,0
3579,0,0
3580,0,0
3581,0.2,49.6
3582,2.9,75
3583,5.4,88.7
3584,7.6,93.6
3585,8.9,95.3
3586,10,97.8
3587,10.2,97.9
3588,10.1,96.2
3589,9.2,95.3
3590,7.5,90.9
3591,5.5,82.9
3592,2.8,63
3593,0.1,21.4
3594,0,0
3595,0,0
3596,0,0
3597,0,0
3598,0,0
3599,0,0
3600,0,0
3601,0,0
3602,0,0
3603,0,0
3604,0,6.6
3605,0.5,52.4
3606,3,78.6
3607,6,93.4
3608,8.4,100.7
3609,9.9,102.4
3610,10.8,103.5
3611,11.2,102.4
3612,10.5,99.8
3613,8.9,98.5
3614,7.1,92
3615,5.8,79.8
3616,2.9,60.7
3617,0.1,21.5
3618,0,0
3619,0,0
3620,0,0
3621,0,0
3622,0,0
3623,0,0
3624,0,0
3625,0,0
3626,0,0
3627,0,0
3628,0,7.4
3629,0.2,52.8
3630,3,78.3
3631,5.6,90.7
3632,7.9,96.6
3633,9.6,94
3634,10.2,96
3635,10.5,95.4
3636,10.2,90.3
3637,9.4,94.7
3638,8.2,94.2
3639,5.6,83.8
3640,2.9,63.2
3641,0.1,22.3
3642,0,0
3643,0,0
3644,0,0
3645,0,0
3646,0,0
3647,0,0
3648,0,0
3649,0,0
3650,0,0
3651,0,0
3652,0,7.4
3653,0.2,51
3654,3,74.5
3655,5.7,86.6
3656,7.9,91.5
3657,8.8,95.4
3658,9.9,94.7
3659,10,94.8
3660,9.8,93.8
3661,8.7,92.7
3662,7.5,89.3
3663,5.3,81.7
3664,2.8,62.5
3665,0.1,22.8
3666,0,0
3667,0,0
3668,0,0
3669,0,0
3670,0,0
3671,0,0
3672,0,0
3673,0,0
3674,0,0
3675,0,0
3676,0,7.7
3677,0.2,51.2
3678,3,74.7
3679,5.7,86.5
3680,7.9,93
3681,9.2,90
3682,10,87.3
3683,10.1,91.8
3684,9.8,91.7
3685,8.9,91.1
3686,7.4,88.2
3687,5.5,79.4
3688,2.8,61.9
3689,0.1,22.9
3690,0,0
3691,0,0
3692,0,0
3693,0,0
3694,0,0
3695,0,0
3696,0,0
3697,0,0
3698,0,0
3699,0,0
3700,0,7.7
3701,0.2,49.9
3702,2.9,74
3703,5.7,87
3704,7.8,90.9
3705,9,88.3
3706,9.4,88.8
3707,9.6,88.9
3708,9.4,90.4
3709,8.8,87.1
3710,7.7,82.4
3711,5.5,79.2
3712,2.8,62.1
3713,0.1,25.5
3714,0,0
3715,0,0
3716,0,0
3717,0,0
3718,0,0
3719,0,0
3720,0,0
3721,0,0
3722,0,0
3723,0,0
3724,0,12.3
3725,0.2,50.9
3726,2.9,71.9
3727,5.4,81.9
3728,7.2,88.9
3729,8.5,92.2
3730,9.1,93.7
3731,9.8,91.1
3732,9.5,92.3
3733,8.6,91.4
3734,7.1,87.4
3735,5.3,81.3
3736,2.8,63.2
3737,0.1,26
3738,0,0
3739,0,0
3740,0,0
3741,0,0
3742,0,0
3743,0,0
3744,0,0
3745,0,0
3746,0,0
3747,0,0
3748,0,12.4
3749,0.2,50.2
3750,2.9,68.5
3751,5.3,81.9
3752,7.1,91.8
3753,8.3,92.8
3754,9.5,93.2
3755,9.9,93.8
3756,9.9,92.8
3757,9,91.8
3758,7.2,89.3
3759,5.5,80.5
3760,2.9,62.9
3761,0.1,25.9
3762,0,0
3763,0,0
3764,0,0
3765,0,0
3766,0,0
3767,0,0
3768,0,0
3769,0,0
3770,0,0
3771,0,0
3772,0,12.2
3773,0.2,49.9
3774,2.9,71.8
3775,5.2,85.2
3776,7.1,92.3
3777,8.8,93.4
3778,9.6,90.8
3779,10.1,91.6
3780,9.8,91.3
3781,8.9,90.8
3782,7.6,86.8
3783,5.5,78.5
3784,2.8,62.8
3785,0.1,26.1
3786,0,0
3787,0,0
3788,0,0
3789,0,0
3790,0,0
3791,0,0
3792,0,0
3793,0,0
3794,0,0
3795,0,0
3796,0,12.1
3797,0.2,47.7
3798,2.8,69.3
3799,5.2,78.4
3800,7.2,87.8
3801,8.7,87.8
3802,9.7,90.6
3803,10.1,90.5
3804,9.7,88.5
3805,8.9,88.5
3806,7.5,86.5
3807,5.5,78.6
3808,2.9,61.3
3809,0.1,26
3810,0,0
3811,0,0
3812,0,0
3813,0,0
3814,0,0
3815,0,0
3816,0,0
3817,0,0
3818,0,0
3819,0,0
3820,0,12
3821,0.2,48.1
3822,2.8,71.6
3823,5.3,84.6
3824,7.2,88.6
3825,8.3,90.3
3826,9.5,92.8
3827,10,92.1
3828,9.6,90.8
3829,8.8,89.7
3830,7.5,86.7
3831,5.4,78.2
3832,2.8,61.5
3833,0.1,26.4
3834,0,0
3835,0,0
3836,0,0
3837,0,0
3838,0,0
3839,0,0
3840,0,0
3841,0,0
3842,0,0
3843,0,0
3844,0,11.8
3845,0.2,35.1
3846,2.8,55.3
3847,5.2,68.3
3848,7.3,59.6
3849,8.4,78
3850,9.1,94.3
3851,9.5,91.5
3852,6.3,89.9
3853,6.4,89.7
3854,5.5,86
3855,5.3,80
3856,2.8,63.1
3857,0.1,25.8
3858,0,0
3859,0,0
3860,0,0
3861,0,0
3862,0,0
3863,0,0
3864,0,0
3865,0,0
3866,0,0
3867,0,0
3868,0,8.7
3869,0.6,49.4
3870,0,55.5
3871,0.6,85.6
3872,0.4,83.5
3873,6.9,93.8
3874,8.8,90
3875,9.4,88.1
3876,9.9,20.2
3877,2.9,17.1
3878,5.2,18.8
3879,5.5,79.1
3880,2.5,61.6
3881,0.1,25.9
3882,0,0
3883,0,0
3884,0,0
3885,0,0
3886,0,0
3887,0,0
3888,0,0
3889,0,0
3890,0,0
3891,0,0
3892,0,12.7
3893,0.2,51.9
3894,3,74.2
3895,5.7,85.8
3896,7.8,88.7
3897,9.1,92.1
3898,9.8,95.2
3899,9.8,93.9
3900,8.5,90.9
3901,5.1,88.8
3902,7.7,83.3
3903,5.6,80.6
3904,3,63.5
3905,0.1,27.6
3906,0,0
3907,0,0
3908,0,0
3909,0,0
3910,0,0
3911,0,0
3912,0,0
3913,0,0
3914,0,0
3915,0,0
3916,0,12.5
3917,0.2,49.2
3918,2.9,73.1
3919,5.4,88.2
3920,7.6,94.6
3921,8.8,94.6
3922,9.7,94.9
3923,10.3,94.6
3924,9.8,94.6
3925,8.9,92.6
3926,7.5,86.7
3927,5.7,81.7
3928,3,64.4
3929,0.1,28.2
3930,0,0
3931,0,0
3932,0,0
3933,0,0
3934,0,0
3935,0,0
3936,0,0
3937,0,0
3938,0,0
3939,0,0
3940,0,12.4
3941,0.2,51.4
3942,2.9,74.7
3943,5.5,88.4
3944,7.5,95.5
3945,9,94.8
3946,9.6,95.9
3947,9.9,95
3948,9.5,94.1
3949,9,92.8
3950,7.8,90.7
3951,5.7,82.8
3952,3,64.8
3953,0.1,28.6
3954,0,0
3955,0,0
3956,0,0
3957,0,0
3958,0,0
3959,0,0
3960,0,0
3961,0,0
3962,0,0
3963,0,0
3964,0,12.6
3965,0.1,51.2
3966,2.9,73
3967,5.5,86.4
3968,7.5,92.7
3969,9,94.2
3970,9.8,94.2
3971,10.2,94.2
3972,10,94.8
3973,9.3,93
3974,7.8,89.7
3975,5.7,82.1
3976,3,65.1
3977,0.1,28.7
3978,0,0
3979,0,0
3980,0,0
3981,0,0
3982,0,0
3983,0,0
3984,0,0
3985,0,0
3986,0,0
3987,0,0
3988,0,12.6
3989,0.1,50.9
3990,2.9,72.1
3991,5.5,84.4
3992,7.7,93.9
3993,9.3,94.5
3994,10,94.8
3995,10.3,95
3996,10.1,94.6
3997,9.3,93.1
3998,7.8,89.1
3999,5.7,82.6
4000,3.1,65.5
4001,0.1,29.1
4002,0,0
4003,0,0
4004,0,0
4005,0,0
4006,0,0
4007,0,0
4008,0,0
4009,0,0
4010,0,0
4011,0,0
4012,0,12.3
4013,0.1,48
4014,2.7,70.2
4015,5.2,82.9
4016,6.2,90.5
4017,3.6,93.5
4018,3.4,94.6
4019,8.5,94.7
4020,6.2,93.9
4021,1.8,93
4022,5.3,89.7
4023,5.6,82.2
4024,3,65
4025,0.1,28.5
4026,0,0
4027,0,0
4028,0,0
4029,0,0
4030,0,0
4031,0,0
4032,0,0
4033,0,0
4034,0,0
4035,0,0
4036,0,12.8
4037,0.2,52.6
4038,2.9,75
4039,5.6,87.1
4040,7.5,94
4041,8.7,94.9
4042,10.2,93
4043,10.3,93.1
4044,9.9,93.3
4045,9.1,92.3
4046,7.9,90.7
4047,5.7,82.1
4048,3.1,64.8
4049,0.2,29.1
4050,0,0
4051,0,0
4052,0,0
4053,0,0
4054,0,0
4055,0,0
4056,0,0
4057,0,0
4058,0,0
4059,0,0
4060,0,12.6
4061,0.2,51
4062,2.8,72.7
4063,5.5,85.7
4064,7.6,91.6
4065,8.9,91.8
4066,10,90.5
4067,10.4,94
4068,10.2,93.4
4069,9.3,93.9
4070,7.5,90.6
4071,5.8,82
4072,3.1,65.7
4073,0.2,29.9
4074,0,0
4075,0,0
4076,0,0
4077,0,0
4078,0,0
4079,0,0
4080,0,0
4081,0,0
4082,0,0
4083,0,0
4084,0,12.6
4085,0.1,51.7
4086,2.9,74.5
4087,5.7,86.5
4088,7.9,95.1
4089,9.1,94.5
4090,9.3,94
4091,9.6,93.7
4092,9.5,92.8
4093,9,90.5
4094,7.8,88.4
4095,5.6,81.4
4096,3,66
4097,0.2,31.1
4098,0,0
4099,0,0
4100,0,0
4101,0,0
4102,0,0
4103,0,0
4104,0,0
4105,0,0
4106,0,0
4107,0,0
4108,0,12.2
4109,0.1,49.8
4110,2.8,71.2
4111,5.4,82.8
4112,7.4,89.5
4113,8.7,90.7
4114,9.3,89
4115,9.6,89.3
4116,9.4,88
4117,8.3,87.3
4118,7.1,87.9
4119,5.4,78.3
4120,3,62.8
4121,0.2,30.3
4122,0,0
4123,0,0
4124,0,0
4125,0,0
4126,0,0
4127,0,0
4128,0,0
4129,0,0
4130,0,0
4131,0,0
4132,0,12
4133,0.1,48.3
4134,2.7,69.2
4135,5.3,83.6
4136,7.1,89.1
4137,8.5,91.9
4138,9.3,93.6
4139,9.5,93
4140,9.3,91.7
4141,8.8,91
4142,7.4,85.1
4143,5.6,80.8
4144,3,64.3
4145,0.2,30.7
4146,0,0
4147,0,0
4148,0,0
4149,0,0
4150,0,0
4151,0,0
4152,0,0
4153,0,0
4154,0,0
4155,0,0
4156,0,11.9
4157,0.1,49.8
4158,2.7,72.7
4159,5.4,85.8
4160,7.6,93
4161,9.1,94.2
4162,9.9,92.7
4163,10.3,92.8
4164,10,90.8
4165,9.1,90
4166,7.6,87.9
4167,5.7,80.3
4168,3.1,64.5
4169,0.2,33.1
4170,0,0
4171,0,0
4172,0,0
4173,0,0
4174,0,0
4175,0,0
4176,0,0
4177,0,0
4178,0,0
4179,0,0
4180,0,11.8
4181,0.1,49.5
4182,2.7,71.5
4183,5.4,84.8
4184,7.2,93.3
4185,8.8,94
4186,9.8,93.1
4187,10.1,91
4188,9.9,91
4189,9.2,91.2
4190,7.8,88
4191,5.6,80.5
4192,3.1,63.9
4193,0.2,33.2
4194,0,0
4195,0,0
4196,0,0
4197,0,0
4198,0,0
4199,0,0
4200,0,0
4201,0,0
4202,0,0
4203,0,0
4204,0,11.7
4205,0.1,48.9
4206,2.7,71.4
4207,5.2,85.9
4208,7,92.3
4209,8.4,92.3
4210,9.1,91.4
4211,9.6,90.5
4212,9.3,89.7
4213,8.6,90.5
4214,7.6,87.8
4215,5.6,79.6
4216,3.1,63.9
4217,0.2,33.4
4218,0,0
4219,0,0
4220,0,0
4221,0,0
4222,0,0
4223,0,0
4224,0,0
4225,0,0
4226,0,0
4227,0,0
4228,0,11.7
4229,0.1,48.1
4230,2.7,67.8
4231,5.3,84.2
4232,7.3,90.9
4233,8.6,91.5
4234,9.1,91.5
4235,9.4,89.9
4236,9.4,90.1
4237,8.4,89.2
4238,7.5,86.1
4239,5.5,79.1
4240,3,64
4241,0.2,33.4
4242,0,0
4243,0,0
4244,0,0
4245,0,0
4246,0,0
4247,0,0
4248,0,0
4249,0,0
4250,0,0
4251,0,0
4252,0,11.4
4253,0.1,48
4254,2.6,68.8
4255,5.3,80
4256,7.3,85.8
4257,8.5,86.2
4258,9,87.8
4259,9.2,86.8
4260,9.2,84.6
4261,8.4,87.4
4262,7.4,80.8
4263,5.2,72
4264,2.9,61.9
4265,0.2,29.7
4266,0,0
4267,0,0
4268,0,0
4269,0,0
4270,0,0
4271,0,0
4272,0,0
4273,0,0
4274,0,0
4275,0,0
4276,0,6.7
4277,0.2,43.1
4278,2.8,66.6
4279,5.1,79.3
4280,7.6,89.7
4281,9.6,95.1
4282,9.7,90.3
4283,9,87.1
4284,8.8,85.6
4285,8.2,84.4
4286,7,79.2
4287,5,75.5
4288,2.8,61.6
4289,0.2,29.4
4290,0,0
4291,0,0
4292,0,0
4293,0,0
4294,0,0
4295,0,0
4296,0,0
4297,0,0
4298,0,0
4299,0,0
4300,0,10.1
4301,0.3,45.8
4302,2.6,67.5
4303,5.1,79.7
4304,6.8,85.8
4305,8.2,86.9
4306,8.6,86.7
4307,8.7,87.2
4308,8.6,81.8
4309,8,87
4310,6.9,17.2
4311,5.4,44.9
4312,3,64.8
4313,0.2,29.9
4314,0,0
4315,0,0
4316,0,0
4317,0,0
4318,0,0
4319,0,0
4320,0,0
4321,0,0
4322,0,0
4323,0,0
4324,0,10.2
4325,0.1,46.6
4326,2.7,68.3
4327,5.3,81.5
4328,7.3,89
4329,8.6,90.4
4330,9.4,90.8
4331,9.4,91.3
4332,9.4,90.4
4333,8.5,91.5
4334,7.4,91.7
4335,5.5,81
4336,3.3,68.1
4337,0.3,38.2
4338,0,0
4339,0,0
4340,0,0
4341,0,0
4342,0,0
4343,0,0
4344,0,0
4345,0,0
4346,0,0
4347,0,0
4348,0,5
4349,0.1,46.2
4350,2.6,71.3
4351,5.2,85
4352,7.4,91.2
4353,8.6,93.3
4354,9.2,92.8
4355,9.7,92.1
4356,3.8,91.8
4357,8.8,91.4
4358,7.3,60.1
4359,5.6,65.5
4360,3.1,55.8
4361,0.2,25.5
4362,0,0
4363,0,0
4364,0,0
4365,0,0
4366,0,0
4367,0,0
4368,0,0
4369,0,0
4370,0,0
4371,0,0
4372,0,10.3
4373,0.1,53.4
4374,2.9,77.1
4375,5.4,88.1
4376,7,89.1
4377,8.5,88.5
4378,9.2,89.6
4379,9.6,62.1
4380,9.3,48.2
4381,6.5,56.8
4382,7.4,83.3
4383,5.2,68.3
4384,2.8,41.2
4385,0.2,16
4386,0,0
4387,0,0
4388,0,0
4389,0,0
4390,0,0
4391,0,0
4392,0,0
4393,0,0
4394,0,0
4395,0,0
4396,0,6.9
4397,0.3,37.1
4398,2.6,63.1
4399,4.7,78
4400,6.7,81.7
4401,7.9,81.8
4402,8.8,87.6
4403,8.7,80.9
4404,8.7,14.9
4405,5.9,55.5
4406,2.9,50.6
4407,5.2,14.4
4408,2.9,0.8
4409,0.2,0
4410,0,0
4411,0,0
4412,0,0
4413,0,0
4414,0,0
4415,0,0
4416,0,0
4417,0,0
4418,0,0
4419,0,0
4420,0,0
4421,0.3,43.9
4422,2.5,67.3
4423,4.7,81.1
4424,6.7,87.5
4425,7.8,87.8
4426,8.7,82.3
4427,9.2,77.2
4428,9.2,85.5
4429,8.4,83.5
4430,7.2,78.8
4431,5.3,36.3
4432,2.9,0
4433,0.2,0.2
4434,0,0
4435,0,0
4436,0,0
4437,0,0
4438,0,0
4439,0,0
4440,0,0
4441,0,0
4442,0,0
4443,0,0
4444,0,0
4445,0.1,43.7
4446,2.4,62.7
4447,5.2,80.3
4448,7.8,93.9
4449,9.2,94.9
4450,10.1,94.9
4451,9.9,89.1
4452,9.1,83.7
4453,8.4,85
4454,7,81.3
4455,5.2,78.6
4456,2.8,62.7
4457,0.2,23.6
4458,0,0
4459,0,0
4460,0,0
4461,0,0
4462,0,0
4463,0,0
4464,0,0
4465,0,0
4466,0,0
4467,0,0
4468,0,0
4469,0.1,40.3
4470,2.4,49.4
4471,4.8,62.1
4472,6.8,84.1
4473,8,88.4
4474,8.8,88.4
4475,9.2,88.2
4476,9.3,87.1
4477,8.3,87.8
4478,6.6,83.9
4479,5.3,86
4480,2.9,67.9
4481,0.2,0
4482,0,0
4483,0,0
4484,0,0
4485,0,0
4486,0,0
4487,0,0
4488,0,0
4489,0,0
4490,0,0
4491,0,0
4492,0,0
4493,0.1,17.3
4494,2.4,19.3
4495,4.5,43
4496,6.6,61.3
4497,7.9,75.4
4498,9.1,77.2
4499,9.6,81.5
4500,9.3,11.6
4501,1.6,3.6
4502,6.7,47
4503,4.9,42
4504,2.5,1.6
4505,0.2,0
4506,0,0
4507,0,0
4508,0,0
4509,0,0
4510,0,0
4511,0,0
4512,0,0
4513,0,0
4514,0,0
4515,0,0
4516,0,0
4517,0.1,44.3
4518,1.7,66.2
4519,2.3,79.7
4520,6.9,85.4
4521,8.1,85.8
4522,8.8,86.7
4523,9.4,94.3
4524,9.3,94.7
4525,7.9,89.8
4526,6,80.8
4527,4.2,60.3
4528,2.7,39.7
4529,0,4.9
4530,0,0
4531,0,0
4532,0,0
4533,0,0
4534,0,0
4535,0,0
4536,0,0
4537,0,0
4538,0,0
4539,0,0
4540,0,0
4541,0.4,40.5
4542,2.5,65.6
4543,4.2,81
4544,6.2,86.8
4545,7.9,88.8
4546,8.8,73.2
4547,9.7,65
4548,9.2,74.4
4549,7.8,69.4
4550,2.8,63.9
4551,5.2,79.7
4552,3,64.6
4553,0.2,29.9
4554,0,0
4555,0,0
4556,0,0
4557,0,0
4558,0,0
4559,0,0
4560,0,0
4561,0,0
4562,0,0
4563,0,0
4564,0,0
4565,0.1,45.3
4566,2.5,67
4567,5,76.7
4568,7,80
4569,8.5,68
4570,9.3,72.6
4571,8.8,83.2
4572,4.1,87.2
4573,4.4,86
4574,3.1,82
4575,3.6,75.5
4576,0,60.3
4577,0,27.3
4578,0,0
4579,0,0
4580,0,0
4581,0,0
4582,0,0
4583,0,0
4584,0,0
4585,0,0
4586,0,0
4587,0,0
4588,0,0
4589,0.1,44.4
4590,2.5,61
4591,4.9,86.8
4592,6.8,90
4593,7.7,75.2
4594,9,16.1
4595,9.8,17.7
4596,9.2,74.8
4597,7.4,79.4
4598,7,69.5
4599,5.4,0.3
4600,3,0
4601,0.2,0
4602,0,0
4603,0,0
4604,0,0
4605,0,0
4606,0,0
4607,0,0
4608,0,0
4609,0,0
4610,0,0
4611,0,0
4612,0,0
4613,0.1,44.2
4614,2.4,66.9
4615,4.9,76.7
4616,6.9,83.8
4617,8.2,85.3
4618,8.9,88.8
4619,8.9,87.4
4620,9.3,86.4
4621,8.5,83.1
4622,7.3,86.4
4623,5.5,2
4624,2.7,34.6
4625,0.1,25.8
4626,0,0
4627,0,0
4628,0,0
4629,0,0
4630,0,0
4631,0,0
4632,0,0
4633,0,0
4634,0,0
4635,0,0
4636,0,0
4637,0.1,40.5
4638,2.4,53.1
4639,4.8,74.2
4640,6.7,82.4
4641,7.9,82.7
4642,9,82
4643,9.6,86.5
4644,9.7,84.1
4645,9.1,63
4646,6.9,77.8
4647,4.9,63.4
4648,3.1,62.2
4649,0.2,30
4650,0,0
4651,0,0
4652,0,0
4653,0,0
4654,0,0
4655,0,0
4656,0,0
4657,0,0
4658,0,0
4659,0,0
4660,0,0
4661,0.1,46.1
4662,2.4,68.4
4663,4.9,80.6
4664,7.1,87.8
4665,8.6,90
4666,9.2,88.8
4667,9.3,85.8
4668,9,85.5
4669,7.6,86.5
4670,6.2,89.8
4671,4.9,78.2
4672,2.9,61.9
4673,0.2,29.1
4674,0,0
4675,0,0
4676,0,0
4677,0,0
4678,0,0
4679,0,0
4680,0,0
4681,0,0
4682,0,0
4683,0,0
4684,0,0
4685,0.1,45.5
4686,2.4,68.3
4687,4.9,81
4688,6.9,89.8
4689,8.4,91.1
4690,9.2,90.3
4691,9.3,86.1
4692,9.2,77.4
4693,8.7,80.2
4694,8,84.7
4695,4.9,82.7
4696,3,63.6
4697,0.2,27.7
4698,0,0
4699,0,0
4700,0,0
4701,0,0
4702,0,0
4703,0,0
4704,0,0
4705,0,0
4706,0,0
4707,0,0
4708,0,0
4709,0.1,45.2
4710,2.4,69.8
4711,5.1,83.6
4712,7.3,89.2
4713,8.8,89.5
4714,9.5,90.5
4715,9.8,87.9
4716,9.5,88.4
4717,8.7,87.1
4718,7.5,84.7
4719,5.5,78.8
4720,3,61.7
4721,0.2,28.1
4722,0,0
4723,0,0
4724,0,0
4725,0,0
4726,0,0
4727,0,0
4728,0,0
4729,0,0
4730,0,0
4731,0,0
4732,0,0
4733,0.1,42.1
4734,2.4,62.9
4735,4.8,77.8
4736,6.7,84.5
4737,8.1,87.7
4738,9.1,87.1
4739,9.4,88.1
4740,9.1,86.6
4741,7.3,83.9
4742,1.9,85.2
4743,5.5,77.3
4744,3,61.5
4745,0.2,28.1
4746,0,0
4747,0,0
4748,0,0
4749,0,0
4750,0,0
4751,0,0
4752,0,0
4753,0,0
4754,0,0
4755,0,0
4756,0,0
4757,0.1,43.4
4758,2.4,63.7
4759,4.9,78.2
4760,6.7,86
4761,8.1,87.1
4762,8.9,84.2
4763,9.5,83.8
4764,9.1,79.9
4765,8.6,81.4
4766,7.3,81.9
4767,5.2,76.7
4768,2.8,61.6
4769,0.2,28.1
4770,0,0
4771,0,0
4772,0,0
4773,0,0
4774,0,0
4775,0,0
4776,0,0
4777,0,0
4778,0,0
4779,0,0
4780,0,0
4781,0.1,42.1
4782,2.3,67.4
4783,4.6,81.7
4784,6.7,88.3
4785,8.1,87.4
4786,9.1,84.6
4787,9.4,80.6
4788,9.2,83.5
4789,8.4,83.3
4790,7.1,75.6
4791,5.3,66.1
4792,2.9,64.4
4793,0.2,0.1
4794,0,0
4795,0,0
4796,0,0
4797,0,0
4798,0,0
4799,0,0
4800,0,0
4801,0,0
4802,0,0
4803,0,0
4804,0,0
4805,0.1,44.1
4806,2.3,67.7
4807,4.8,80.4
4808,6.7,87.2
4809,8,88.7
4810,8.7,89.6
4811,9.2,35.8
4812,9.2,42.7
4813,8.2,17.6
4814,6.9,68.7
4815,5.2,82.6
4816,2.9,39
4817,0.2,24.9
4818,0,0
4819,0,0
4820,0,0
4821,0,0
4822,0,0
4823,0,0
4824,0,0
4825,0,0
4826,0,0
4827,0,0
4828,0,0
4829,0.2,44.7
4830,2.3,67.9
4831,4.8,74.4
4832,7,66.6
4833,8.3,58.1
4834,9.1,69.3
4835,9.3,90.5
4836,9.3,87.8
4837,8.5,64.8
4838,7,3
4839,5.3,81.2
4840,2.8,62
4841,0.2,28.2
4842,0,0
4843,0,0
4844,0,0
4845,0,0
4846,0,0
4847,0,0
4848,0,0
4849,0,0
4850,0,0
4851,0,0
4852,0,0
4853,0.1,42.4
4854,2.3,66.1
4855,4.2,80.5
4856,6.3,85.9
4857,7.8,87.5
4858,8.9,87.7
4859,9.2,89.5
4860,9.2,91.6
4861,8.3,89.6
4862,7.2,86.2
4863,5.1,79.1
4864,2.8,63.7
4865,0.2,28.2
4866,0,0
4867,0,0
4868,0,0
4869,0,0
4870,0,0
4871,0,0
4872,0,0
4873,0,0
4874,0,0
4875,0,0
4876,0,0
4877,0.1,39.8
4878,2.3,60.6
4879,4.5,77.9
4880,6.5,85.6
4881,8.3,74.7
4882,9,83.4
4883,9.7,21.7
4884,9.3,76.9
4885,7.9,78.4
4886,2.9,83.3
4887,5.5,57.5
4888,3,50.1
4889,0.2,14.8
4890,0,0
4891,0,0
4892,0,0
4893,0,0
4894,0,0
4895,0,0
4896,0,0
4897,0,0
4898,0,0
4899,0,0
4900,0,0
4901,0.2,35.5
4902,2.5,64.9
4903,4.5,78.9
4904,6.5,83.6
4905,8,80.8
4906,9,73.1
4907,9.1,9
4908,8.9,72.6
4909,8.2,46.2
4910,7.1,28.2
4911,5.3,61.3
4912,1.7,28.2
4913,0.1,25.5
4914,0,0
4915,0,0
4916,0,0
4917,0,0
4918,0,0
4919,0,0
4920,0,0
4921,0,0
4922,0,0
4923,0,0
4924,0,0
4925,0.1,43
4926,2.3,67.1
4927,4.7,79.9
4928,6.8,86.1
4929,8.1,86.7
4930,8.8,83.3
4931,9.4,80.7
4932,9,68
4933,8.5,76.6
4934,7.7,65.7
4935,5.4,74.8
4936,2.9,59.9
4937,0.2,26.4
4938,0,0
4939,0,0
4940,0,0
4941,0,0
4942,0,0
4943,0,0
4944,0,0
4945,0,0
4946,0,0
4947,0,0
4948,0,0
4949,0.2,28.1
4950,2.4,40
4951,2.9,0.6
4952,0.3,1.7
4953,4.9,18.4
4954,3.2,78.2
4955,5.4,69.3
4956,6.2,76.3
4957,2.2,73.5
4958,3.7,66.3
4959,3.5,67.6
4960,1.8,34.1
4961,0,24.2
4962,0,0
4963,0,0
4964,0,0
4965,0,0
4966,0,0
4967,0,0
4968,0,0
4969,0,0
4970,0,0
4971,0,0
4972,0,0
4973,0.2,34.5
4974,2.3,63.4
4975,4.5,80.5
4976,6.4,87.7
4977,7.8,89.4
4978,8.6,88.4
4979,9.5,84
4980,9,64
4981,8,39.6
4982,7.2,70.9
4983,5.1,52
4984,2.8,0.1
4985,0.1,0
4986,0,0
4987,0,0
4988,0,0
4989,0,0
4990,0,0
4991,0,0
4992,0,0
4993,0,0
4994,0,0
4995,0,0
4996,0,0
4997,0.2,40.9
4998,2.1,61.3
4999,3.6,75.4
5000,4.3,85.3
5001,7.2,87.4
5002,8,87.7
5003,5.4,87.6
5004,1.8,86.4
5005,0.4,90.5
5006,2.3,85.2
5007,5.5,77.3
5008,2.9,61.4
5009,0.1,25.4
5010,0,0
5011,0,0
5012,0,0
5013,0,0
5014,0,0
5015,0,0
5016,0,0
5017,0,0
5018,0,0
5019,0,0
5020,0,0
5021,0.1,41.3
5022,2.2,63
5023,4.7,77.7
5024,6.8,84.7
5025,8.3,88.4
5026,9,88
5027,9.4,87.1
5028,9.3,87.8
5029,9.1,87.8
5030,7.5,88.4
5031,5.5,80
5032,2.9,66.4
5033,0.1,26.4
5034,0,0
5035,0,0
5036,0,0
5037,0,0
5038,0,0
5039,0,0
5040,0,0
5041,0,0
5042,0,0
5043,0,0
5044,0,0
5045,0.1,41.3
5046,2.3,68.5
5047,4.9,82.7
5048,7,90.2
5049,8.5,88.2
5050,9.4,89.2
5051,9.7,87.9
5052,9.4,83.6
5053,8.8,88.5
5054,7.5,84.7
5055,5.5,30.9
5056,2.9,37.2
5057,0.1,21.9
5058,0,0
5059,0,0
5060,0,0
5061,0,0
5062,0,0
5063,0,0
5064,0,0
5065,0,0
5066,0,0
5067,0,0
5068,0,0
5069,0.1,34.2
5070,2.2,61.6
5071,4.8,77.5
5072,7,84.7
5073,8.2,83.6
5074,9.2,77.8
5075,9.7,70.6
5076,9.5,75.5
5077,8.9,80.5
5078,7.5,81
5079,5.5,76.3
5080,3,61.7
5081,0.1,24.4
5082,0,0
5083,0,0
5084,0,0
5085,0,0
5086,0,0
5087,0,0
5088,0,0
5089,0,0
5090,0,0
5091,0,0
5092,0,0
5093,0.1,40.1
5094,2.2,67.4
5095,4.9,82.9
5096,7.1,90.4
5097,8.4,92.9
5098,9.5,92.6
5099,9.7,91.7
5100,9.7,91.3
5101,8.9,88.4
5102,7.5,86.6
5103,5.4,78.9
5104,2.8,52.9
5105,0.1,0
5106,0,0
5107,0,0
5108,0,0
5109,0,0
5110,0,0
5111,0,0
5112,0,0
5113,0,0
5114,0,0
5115,0,0
5116,0,0
5117,0.1,38.2
5118,2.3,62.6
5119,4.9,80.1
5120,7.1,87.1
5121,8,88.9
5122,8.9,90.5
5123,9.4,89.9
5124,9.7,88.7
5125,8.8,86.7
5126,6.5,75.6
5127,5.5,43.1
5128,2.9,42.1
5129,0.1,15.4
5130,0,0
5131,0,0
5132,0,0
5133,0,0
5134,0,0
5135,0,0
5136,0,0
5137,0,0
5138,0,0
5139,0,0
5140,0,0
5141,0.1,33.4
5142,2.2,53.1
5143,4.7,63
5144,7,65.3
5145,8.5,55.8
5146,9.3,57.9
5147,9.8,25.9
5148,9.4,9
5149,8.2,37.9
5150,6.5,37.9
5151,5.4,80.5
5152,2.9,62.5
5153,0.1,23.2
5154,0,0
5155,0,0
5156,0,0
5157,0,0
5158,0,0
5159,0,0
5160,0,0
5161,0,0
5162,0,0
5163,0,0
5164,0,0
5165,0,39
5166,2.2,65.3
5167,4.8,84.2
5168,7.2,92.2
5169,8.7,93.8
5170,9.4,93.5
5171,9.8,93.4
5172,9.7,93.2
5173,9,92.3
5174,7.6,88.7
5175,5.6,82.4
5176,3,63.5
5177,0.1,22.8
5178,0,0
5179,0,0
5180,0,0
5181,0,0
5182,0,0
5183,0,0
5184,0,0
5185,0,0
5186,0,0
5187,0,0
5188,0,0
5189,0,41.4
5190,2.3,71.5
5191,5,87.9
5192,7.4,95.4
5193,8.8,97
5194,9.4,96.1
5195,9.9,96.5
5196,9.9,94.5
5197,9.1,93.7
5198,7.7,89.2
5199,5.7,82
5200,2.9,62.7
5201,0.1,22.4
5202,0,0
5203,0,0
5204,0,0
5205,0,0
5206,0,0
5207,0,0
5208,0,0
5209,0,0
5210,0,0
5211,0,0
5212,0,0
5213,0,41
5214,2.2,69.7
5215,4.7,83.7
5216,7.2,90.4
5217,8.5,89.8
5218,8.9,91.5
5219,9.3,86.1
5220,9.2,53.4
5221,8.9,60.6
5222,7.7,64
5223,5.5,29.1
5224,2.8,24.6
5225,0.1,18.8
5226,0,0
5227,0,0
5228,0,0
5229,0,0
5230,0,0
5231,0,0
5232,0,0
5233,0,0
5234,0,0
5235,0,0
5236,0,0
5237,0.1,40.3
5238,2.3,69.1
5239,4.2,83.1
5240,6.5,90.4
5241,8.5,91.6
5242,10,89.9
5243,10.2,87.8
5244,9.7,83.4
5245,8.9,86.1
5246,7.5,85.4
5247,5.3,43.1
5248,2.7,15.8
5249,0.1,4.1
5250,0,0
5251,0,0
5252,0,0
5253,0,0
5254,0,0
5255,0,0
5256,0,0
5257,0,0
5258,0,0
5259,0,0
5260,0,0
5261,0.1,11.9
5262,2.2,42.4
5263,4.6,63.7
5264,6.9,1.6
5265,8.6,5
5266,9.2,6.9
5267,10.1,16.2
5268,9.9,15.1
5269,9.2,55.4
5270,7.5,61
5271,5,47.9
5272,1.6,22.9
5273,0,2.7
5274,0,0
5275,0,0
5276,0,0
5277,0,0
5278,0,0
5279,0,0
5280,0,0
5281,0,0
5282,0,0
5283,0,0
5284,0,0
5285,0,22.8
5286,0.4,35.4
5287,2.9,45.7
5288,4,80
5289,6.6,84.8
5290,8.9,85.7
5291,9.5,87.9
5292,8.4,83.1
5293,8.1,85.8
5294,7.4,84.1
5295,5.5,79
5296,2.8,60.5
5297,0.1,19.7
5298,0,0
5299,0,0
5300,0,0
5301,0,0
5302,0,0
5303,0,0
5304,0,0
5305,0,0
5306,0,0
5307,0,0
5308,0,0
5309,0,37.1
5310,2.1,63.9
5311,4.6,79.9
5312,6.7,86.2
5313,8.2,88.8
5314,9,89.9
5315,9.1,89.9
5316,9.1,88.3
5317,8.5,87.1
5318,7.1,84.2
5319,5.2,76.9
5320,2.7,59.1
5321,0,18.7
5322,0,0
5323,0,0
5324,0,0
5325,0,0
5326,0,0
5327,0,0
5328,0,0
5329,0,0
5330,0,0
5331,0,0
5332,0,0
5333,0,17.8
5334,2,13
5335,4.4,27.1
5336,6.6,44.4
5337,8,79
5338,8.9,89.4
5339,9.8,84.3
5340,9.6,82.4
5341,8.6,63
5342,7.1,69.7
5343,5.2,76.3
5344,2.6,57.8
5345,0,17.7
5346,0,0
5347,0,0
5348,0,0
5349,0,0
5350,0,0
5351,0,0
5352,0,0
5353,0,0
5354,0,0
5355,0,0
5356,0,0
5357,0,28.6
5358,2,40.1
5359,4.6,48.2
5360,6.7,24.3
5361,8.1,26.6
5362,9.1,36.7
5363,9.6,71.4
5364,9.2,66.4
5365,8.4,46.2
5366,7,9.5
5367,4.3,75.4
5368,2.5,57.3
5369,0,16.9
5370,0,0
5371,0,0
5372,0,0
5373,0,0
5374,0,0
5375,0,0
5376,0,0
5377,0,0
5378,0,0
5379,0,0
5380,0,0
5381,0,29.7
5382,2.1,38.5
5383,4.5,58.5
5384,6.4,76.8
5385,6.5,72.1
5386,7.7,85.8
5387,8.9,87.6
5388,8.8,84.6
5389,8.6,86.8
5390,7.1,81.9
5391,5.2,63.6
5392,2.6,41
5393,0,0
5394,0,0
5395,0,0
5396,0,0
5397,0,0
5398,0,0
5399,0,0
5400,0,0
5401,0,0
5402,0,0
5403,0,0
5404,0,0
5405,0,39.1
5406,2.1,64.4
5407,4.6,77.9
5408,6.7,83
5409,7.2,88.1
5410,8.5,87.7
5411,9.2,84.2
5412,9,74.8
5413,7.9,68.3
5414,6.7,76.2
5415,4.9,73.5
5416,2.5,54.5
5417,0,8.5
5418,0,0
5419,0,0
5420,0,0
5421,0,0
5422,0,0
5423,0,0
5424,0,0
5425,0,0
5426,0,0
5427,0,0
5428,0,0
5429,0.1,32.6
5430,2,56
5431,4.4,70.6
5432,6.2,75.9
5433,6.9,77.7
5434,8.4,82.8
5435,8.1,81.1
5436,2.5,62.4
5437,6.5,47.4
5438,5.2,69.3
5439,5.1,78.4
5440,2.5,59.8
5441,0,15.7
5442,0,0
5443,0,0
5444,0,0
5445,0,0
5446,0,0
5447,0,0
5448,0,0
5449,0,0
5450,0,0
5451,0,0
5452,0,0
5453,0,36.2
5454,2.1,64.6
5455,4.7,78.3
5456,7,89.8
5457,8.4,92.4
5458,9.2,91.9
5459,9.4,92.4
5460,8.1,90.9
5461,5.7,88.2
5462,3.2,85.8
5463,5.2,79.9
5464,2.5,59.5
5465,0,15.1
5466,0,0
5467,0,0
5468,0,0
5469,0,0
5470,0,0
5471,0,0
5472,0,0
5473,0,0
5474,0,0
5475,0,0
5476,0,0
5477,0,38.9
5478,2,65.7
5479,4.5,82.4
5480,6.7,90.2
5481,8.1,93.7
5482,8.8,92.5
5483,9.3,91.4
5484,9.3,90
5485,8.6,90.2
5486,7.2,86.5
5487,4.2,77
5488,2.4,56.6
5489,0,13.9
5490,0,0
5491,0,0
5492,0,0
5493,0,0
5494,0,0
5495,0,0
5496,0,0
5497,0,0
5498,0,0
5499,0,0
5500,0,0
5501,0,39
5502,2,66.4
5503,4.6,82.2
5504,6.8,89
5505,8.3,89.8
5506,9.2,89.8
5507,9.2,87.6
5508,4.2,65
5509,4.5,58.9
5510,0.8,8
5511,4.3,73.4
5512,2.2,56.7
5513,0,13.1
5514,0,0
5515,0,0
5516,0,0
5517,0,0
5518,0,0
5519,0,0
5520,0,0
5521,0,0
5522,0,0
5523,0,0
5524,0,0
5525,0,1.9
5526,2.2,34.3
5527,3.8,16
5528,5.8,1.3
5529,8,3.6
5530,9.5,6.2
5531,7.2,7
5532,2.7,29.5
5533,0.3,43.4
5534,0.1,17.9
5535,0,73.1
5536,1.8,55.4
5537,0,12.4
5538,0,0
5539,0,0
5540,0,0
5541,0,0
5542,0,0
5543,0,0
5544,0,0
5545,0,0
5546,0,0
5547,0,0
5548,0,0
5549,0,30.8
5550,2.1,54.7
5551,4.8,68
5552,7.1,82.7
5553,8.4,82.1
5554,9.7,90.3
5555,10.1,90.8
5556,9.7,80.5
5557,8.8,78.2
5558,7.3,82.4
5559,5.2,77.9
5560,2.5,56.4
5561,0,11.7
5562,0,0
5563,0,0
5564,0,0
5565,0,0
5566,0,0
5567,0,0
5568,0,0
5569,0,0
5570,0,0
5571,0,0
5572,0,0
5573,0,38.1
5574,2,67.9
5575,4.7,83.3
5576,7,92
5577,8.5,94.7
5578,9.4,95
5579,9.6,93.2
5580,9.2,93.1
5581,8.8,92.7
5582,7.4,88.8
5583,5.1,78.8
5584,2.4,57.2
5585,0,11.4
5586,0,0
5587,0,0
5588,0,0
5589,0,0
5590,0,0
5591,0,0
5592,0,0
5593,0,0
5594,0,0
5595,0,0
5596,0,0
5597,0,39.1
5598,2.1,67
5599,4.7,79.9
5600,6.8,86.8
5601,8.3,90.7
5602,9.3,92.2
5603,9.6,88.5
5604,9.2,85.9
5605,8.7,87.4
5606,7.4,85.3
5607,5.1,77.3
5608,2.4,56.1
5609,0,2.9
5610,0,0
5611,0,0
5612,0,0
5613,0,0
5614,0,0
5615,0,0
5616,0,0
5617,0,0
5618,0,0
5619,0,0
5620,0,0
5621,0,37.1
5622,2,62.7
5623,4.7,76
5624,6.6,86.3
5625,8.2,89
5626,9.2,89.9
5627,9.7,88.2
5628,9.3,88.2
5629,8.4,89.2
5630,6.9,84.8
5631,5,78.2
5632,2.4,55.3
5633,0,0.5
5634,0,0
5635,0,0
5636,0,0
5637,0,0
5638,0,0
5639,0,0
5640,0,0
5641,0,0
5642,0,0
5643,0,0
5644,0,0
5645,0,38.3
5646,2.1,66.6
5647,4.7,80
5648,6.8,86.5
5649,8.2,86.9
5650,9.3,89.3
5651,9.5,91.3
5652,9.4,91.9
5653,8.5,87.1
5654,7.1,85.1
5655,5.1,75.8
5656,2.3,54.8
5657,0,0
5658,0,0
5659,0,0
5660,0,0
5661,0,0
5662,0,0
5663,0,0
5664,0,0
5665,0,0
5666,0,0
5667,0,0
5668,0,0
5669,0,37.5
5670,2,66.8
5671,4.6,80.1
5672,6.9,85.9
5673,8.2,87.8
5674,9.3,88.2
5675,9.4,88.3
5676,9.3,86
5677,8.5,82.1
5678,7.1,81.3
5679,4.9,50.8
5680,2.2,43.2
5681,0,0
5682,0,0
5683,0,0
5684,0,0
5685,0,0
5686,0,0
5687,0,0
5688,0,0
5689,0,0
5690,0,0
5691,0,0
5692,0,0
5693,0,32.2
5694,2,61.7
5695,4.6,80
5696,6.8,87.8
5697,8.5,90.3
5698,9.3,85
5699,9.4,59.7
5700,9,4.6
5701,8.5,7.2
5702,7,3.8
5703,0.1,64.8
5704,2.2,51.2
5705,0,0
5706,0,0
5707,0,0
5708,0,0
5709,0,0
5710,0,0
5711,0,0
5712,0,0
5713,0,0
5714,0,0
5715,0,0
5716,0,0
5717,0,34.4
5718,2,65.7
5719,4.8,83
5720,6.9,89.8
5721,8.4,91.8
5722,9.3,88.6
5723,9.4,80.3
5724,8.9,75.9
5725,3.3,65.9
5726,2.1,31.8
5727,2.8,76
5728,0.3,52.5
5729,0,0
5730,0,0
5731,0,0
5732,0,0
5733,0,0
5734,0,0
5735,0,0
5736,0,0
5737,0,0
5738,0,0
5739,0,0
5740,0,0
5741,0,24.5
5742,2,28.5
5743,4.6,51.4
5744,6.9,74.8
5745,8.7,88.3
5746,9.5,87.5
5747,9.1,82.9
5748,9.4,85.7
5749,8.3,92.8
5750,6.7,90.9
5751,5.1,80.1
5752,2.2,54.9
5753,0,0
5754,0,0
5755,0,0
5756,0,0
5757,0,0
5758,0,0
5759,0,0
5760,0,0
5761,0,0
5762,0,0
5763,0,0
5764,0,0
5765,0,34
5766,2.1,68.2
5767,4.9,84.3
5768,7.3,93.7
5769,9,95.6
5770,9.9,95.6
5771,10.2,93.7
5772,10,92.9
5773,9,91.9
5774,7.3,87.8
5775,5.1,78.2
5776,2.2,52.9
5777,0,0
5778,0,0
5779,0,0
5780,0,0
5781,0,0
5782,0,0
5783,0,0
5784,0,0
5785,0,0
5786,0,0
5787,0,0
5788,0,0
5789,0,33.9
5790,2.1,69.2
5791,4.7,86.7
5792,6.9,94.3
5793,8.5,95.7
5794,9.3,95.9
5795,9.4,95.4
5796,9.3,94
5797,8.7,91.7
5798,7.3,89.2
5799,4.9,76.9
5800,2.1,52.6
5801,0,0
5802,0,0
5803,0,0
5804,0,0
5805,0,0
5806,0,0
5807,0,0
5808,0,0
5809,0,0
5810,0,0
5811,0,0
5812,0,0
5813,0,32.9
5814,2.1,66.7
5815,4.8,82
5816,7.1,87.2
5817,8.7,88.4
5818,9.6,88.5
5819,9.6,89.2
5820,9.3,88.4
5821,8.2,86.5
5822,7.1,85.9
5823,4.7,74.9
5824,2,50.8
5825,0,0
5826,0,0
5827,0,0
5828,0,0
5829,0,0
5830,0,0
5831,0,0
5832,0,0
5833,0,0
5834,0,0
5835,0,0
5836,0,0
5837,0,31.4
5838,2,65.9
5839,4.7,81.4
5840,7,88
5841,8.4,86
5842,9.1,87.3
5843,9.4,88.5
5844,9.1,86.9
5845,8.4,83.3
5846,6.7,82.1
5847,4.6,72.1
5848,2,49
5849,0,0
5850,0,0
5851,0,0
5852,0,0
5853,0,0
5854,0,0
5855,0,0
5856,0,0
5857,0,0
5858,0,0
5859,0,0
5860,0,0
5861,0,31
5862,2,65.6
5863,4.7,82.6
5864,7,90.2
5865,8.5,92.4
5866,9.2,93.3
5867,9.5,93.3
5868,9.4,92.3
5869,8.7,88.9
5870,6.9,80.5
5871,4.8,74.7
5872,2,49.4
5873,0,0
5874,0,0
5875,0,0
5876,0,0
5877,0,0
5878,0,0
5879,0,0
5880,0,0
5881,0,0
5882,0,0
5883,0,0
5884,0,0
5885,0,30.4
5886,2,65.9
5887,4.8,83.6
5888,7.1,91.1
5889,8.7,92.6
5890,9.7,88.6
5891,10,90.7
5892,9.5,90.6
5893,8.7,87.9
5894,6.1,84.9
5895,4.8,74.4
5896,2,48.2
5897,0,0
5898,0,0
5899,0,0
5900,0,0
5901,0,0
5902,0,0
5903,0,0
5904,0,0
5905,0,0
5906,0,0
5907,0,0
5908,0,0
5909,0,30.1
5910,2,64.8
5911,4.7,81.2
5912,7.1,88.8
5913,8.6,91.5
5914,9.4,91.9
5915,10,92.8
5916,9.3,91.1
5917,8.4,88.1
5918,6.9,84.4
5919,4.8,76.9
5920,2,53.9
5921,0,0
5922,0,0
5923,0,0
5924,0,0
5925,0,0
5926,0,0
5927,0,0
5928,0,0
5929,0,0
5930,0,0
5931,0,0
5932,0,0
5933,0,25.6
5934,2,37.8
5935,4.9,1.3
5936,7.2,55.8
5937,8.7,65.4
5938,9.4,88.2
5939,9.3,88.4
5940,9.2,89.5
5941,8.7,88
5942,7.1,84.5
5943,4.8,73.4
5944,1.9,40.3
5945,0,0
5946,0,0
5947,0,0
5948,0,0
5949,0,0
5950,0,0
5951,0,0
5952,0,0
5953,0,0
5954,0,0
5955,0,0
5956,0,0
5957,0,33.1
5958,2,66.5
5959,4.7,78.2
5960,7.1,88
5961,8.6,91.5
5962,9.3,91.1
5963,9.4,88.9
5964,9.2,74.4
5965,8.2,70.9
5966,7.2,70.4
5967,4.6,75.9
5968,1.9,51.3
5969,0,0
5970,0,0
5971,0,0
5972,0,0
5973,0,0
5974,0,0
5975,0,0
5976,0,0
5977,0,0
5978,0,0
5979,0,0
5980,0,0
5981,0,32.9
5982,2,68
5983,4.9,82.8
5984,7.2,83.3
5985,8.7,82.7
5986,9.6,73.9
5987,9.7,39.2
5988,9,15.6
5989,8.6,22.3
5990,6.9,55
5991,4.6,24.6
5992,1.9,0
5993,0,0
5994,0,0
5995,0,0
5996,0,0
5997,0,0
5998,0,0
5999,0,0
6000,0,0
6001,0,0
6002,0,0
6003,0,0
6004,0,0
6005,0,30.2
6006,2,68.1
6007,4.7,81.7
6008,6.9,85
6009,8.5,75.9
6010,9.2,58
6011,9.6,6
6012,9.4,4.3
6013,8.6,1.9
6014,7,4.5
6015,4.6,0.1
6016,1.8,8.2
6017,0,0
6018,0,0
6019,0,0
6020,0,0
6021,0,0
6022,0,0
6023,0,0
6024,0,0
6025,0,0
6026,0,0
6027,0,0
6028,0,0
6029,0,31.4
6030,2,65.1
6031,4.8,82.3
6032,7.1,84.1
6033,8.6,68.4
6034,9.5,77.1
6035,9.7,82.9
6036,9.1,82.7
6037,8.2,93.4
6038,6.9,87.6
6039,4.7,53.1
6040,1.8,12.6
6041,0,0
6042,0,0
6043,0,0
6044,0,0
6045,0,0
6046,0,0
6047,0,0
6048,0,0
6049,0,0
6050,0,0
6051,0,0
6052,0,0
6053,0,32.6
6054,2,70.8
6055,4.7,87.5
6056,6.9,91.6
6057,8.3,87.5
6058,8.7,88.3
6059,9.5,89.2
6060,9.5,90.6
6061,8.3,89.2
6062,6,85.7
6063,4.5,35.1
6064,1.7,50.2
6065,0,0
6066,0,0
6067,0,0
6068,0,0
6069,0,0
6070,0,0
6071,0,0
6072,0,0
6073,0,0
6074,0,0
6075,0,0
6076,0,0
6077,0,31.4
6078,2,68.7
6079,4.9,85.3
6080,7.2,91.6
6081,8.6,94
6082,9.5,95.2
6083,10,92.6
6084,9.6,92
6085,8.6,92.4
6086,6.8,86.6
6087,4.6,18.3
6088,1.7,0.1
6089,0,0
6090,0,0
6091,0,0
6092,0,0
6093,0,0
6094,0,0
6095,0,0
6096,0,0
6097,0,0
6098,0,0
6099,0,0
6100,0,0
6101,0,25.1
6102,2.1,62.3
6103,4.9,86.1
6104,7.3,96.6
6105,8.8,97
6106,9.6,96.1
6107,9.7,91.6
6108,9.7,80.1
6109,8.6,83.5
6110,2.2,54.8
6111,4.7,74.8
6112,1.7,47.9
6113,0,0
6114,0,0
6115,0,0
6116,0,0
6117,0,0
6118,0,0
6119,0,0
6120,0,0
6121,0,0
6122,0,0
6123,0,0
6124,0,0
6125,0,30
6126,2,71.3
6127,5,88.8
6128,7.4,94.3
6129,8.6,97.8
6130,9.4,95.8
6131,9.4,85
6132,8.8,78.3
6133,7.9,77.8
6134,6.5,0.5
6135,4.7,77
6136,1.6,48.6
6137,0,0
6138,0,0
6139,0,0
6140,0,0
6141,0,0
6142,0,0
6143,0,0
6144,0,0
6145,0,0
6146,0,0
6147,0,0
6148,0,0
6149,0,31.8
6150,2.1,69.3
6151,4.8,85
6152,7.1,91.6
6153,8.5,93
6154,9.2,93.8
6155,9.4,91.7
6156,9.6,86.5
6157,8.5,90.6
6158,7,89.4
6159,4.6,68.8
6160,1.6,42.2
6161,0,0
6162,0,0
6163,0,0
6164,0,0
6165,0,0
6166,0,0
6167,0,0
6168,0,0
6169,0,0
6170,0,0
6171,0,0
6172,0,0
6173,0,30.5
6174,2,69.6
6175,4.7,84
6176,7.3,90.2
6177,8.9,93.2
6178,9.7,90.4
6179,10.1,76.8
6180,9.6,71.8
6181,8.5,7.2
6182,7,0.4
6183,4.5,0
6184,1.5,0
6185,0,0
6186,0,0
6187,0,0
6188,0,0
6189,0,0
6190,0,0
6191,0,0
6192,0,0
6193,0,0
6194,0,0
6195,0,0
6196,0,0
6197,0,27.4
6198,2,66.6
6199,4.9,81.3
6200,7.2,88.5
6201,8.6,89.7
6202,9.6,80.3
6203,9.9,42.7
6204,9,26.9
6205,8.3,72.4
6206,6.9,65.5
6207,4.4,28.6
6208,1.5,27.5
6209,0,0
6210,0,0
6211,0,0
6212,0,0
6213,0,0
6214,0,0
6215,0,0
6216,0,0
6217,0,0
6218,0,0
6219,0,0
6220,0,0
6221,0,30.3
6222,2,70.4
6223,4.6,88
6224,6.9,95.6
6225,8.3,95.8
6226,9.1,85.8
6227,9.3,71.1
6228,9,60.2
6229,7.8,12.9
6230,6.3,1.2
6231,4.2,47.5
6232,1.4,12.4
6233,0,0
6234,0,0
6235,0,0
6236,0,0
6237,0,0
6238,0,0
6239,0,0
6240,0,0
6241,0,0
6242,0,0
6243,0,0
6244,0,0
6245,0,9.3
6246,1.8,14.9
6247,4,17.1
6248,4,21.5
6249,6.9,74.8
6250,7.2,67.9
6251,0.5,85.5
6252,5.3,92.1
6253,7.8,75.7
6254,6.4,86.5
6255,3,67.8
6256,1,31.3
6257,0,0
6258,0,0
6259,0,0
6260,0,0
6261,0,0
6262,0,0
6263,0,0
6264,0,0
6265,0,0
6266,0,0
6267,0,0
6268,0,0
6269,0,29.6
6270,2,72.8
6271,5,91.7
6272,7.6,100.4
6273,9.4,102.5
6274,10.5,102
6275,10.8,101.3
6276,10.4,99.9
6277,9.2,96.9
6278,7,90.9
6279,4.6,79.4
6280,1.4,44.6
6281,0,0
6282,0,0
6283,0,0
6284,0,0
6285,0,0
6286,0,0
6287,0,0
6288,0,0
6289,0,0
6290,0,0
6291,0,0
6292,0,0
6293,0,30.7
6294,2.1,74.6
6295,5.2,93.2
6296,7.7,100.1
6297,9.2,99.4
6298,10.3,100.1
6299,10.5,98.6
6300,10.1,99.4
6301,8.9,97.2
6302,7.3,93.8
6303,4.5,79.5
6304,1.3,44
6305,0,0
6306,0,0
6307,0,0
6308,0,0
6309,0,0
6310,0,0
6311,0,0
6312,0,0
6313,0,0
6314,0,0
6315,0,0
6316,0,0
6317,0,29.6
6318,2,72.2
6319,5.1,90.2
6320,7.6,97.1
6321,9.3,98.4
6322,10.1,97.5
6323,10.1,95.5
6324,9.6,93.8
6325,8.7,92.7
6326,7.1,90.7
6327,4.2,76.9
6328,1.3,41.7
6329,0,0
6330,0,0
6331,0,0
6332,0,0
6333,0,0
6334,0,0
6335,0,0
6336,0,0
6337,0,0
6338,0,0
6339,0,0
6340,0,0
6341,0,28.9
6342,1.9,72.2
6343,4.9,89.4
6344,7.3,95.2
6345,8.9,94
6346,9.7,93.1
6347,9.8,92.4
6348,9.4,90.2
6349,8.3,89.8
6350,6.7,88.8
6351,4.1,73.3
6352,1,38.6
6353,0,0
6354,0,0
6355,0,0
6356,0,0
6357,0,0
6358,0,0
6359,0,0
6360,0,0
6361,0,0
6362,0,0
6363,0,0
6364,0,0
6365,0,27.5
6366,1.9,66.4
6367,4.7,86.3
6368,7.1,94.6
6369,8.5,98
6370,9.5,97.9
6371,9.8,96.6
6372,9.4,93.2
6373,8.2,92.1
6374,6.5,86
6375,4.1,74.2
6376,0.8,37.8
6377,0,0
6378,0,0
6379,0,0
6380,0,0
6381,0,0
6382,0,0
6383,0,0
6384,0,0
6385,0,0
6386,0,0
6387,0,0
6388,0,0
6389,0,20.7
6390,1.9,53.4
6391,4.8,71.5
6392,7.4,95.7
6393,9,97.2
6394,10,96.7
6395,10.2,96.2
6396,10,98.4
6397,8.7,94.7
6398,6.7,89.5
6399,4.1,75.9
6400,0.7,37.8
6401,0,0
6402,0,0
6403,0,0
6404,0,0
6405,0,0
6406,0,0
6407,0,0
6408,0,0
6409,0,0
6410,0,0
6411,0,0
6412,0,0
6413,0,26.9
6414,1.9,65.8
6415,4.7,82
6416,6.9,93.3
6417,8.6,95.2
6418,9.5,96.2
6419,9.7,95.5
6420,9.4,95
6421,8.1,92.2
6422,6.6,90.9
6423,4,74
6424,0.6,35.5
6425,0,0
6426,0,0
6427,0,0
6428,0,0
6429,0,0
6430,0,0
6431,0,0
6432,0,0
6433,0,0
6434,0,0
6435,0,0
6436,0,0
6437,0,26.4
6438,1.9,70.2
6439,4.8,90.7
6440,7.4,98.2
6441,9.1,99.4
6442,10,99.3
6443,10.4,99.2
6444,9.9,98.6
6445,8.7,95.9
6446,6.5,88.5
6447,4,75.4
6448,0.4,35.6
6449,0,0
6450,0,0
6451,0,0
6452,0,0
6453,0,0
6454,0,0
6455,0,0
6456,0,0
6457,0,0
6458,0,0
6459,0,0
6460,0,0
6461,0,27.2
6462,1.9,73
6463,4.9,91.6
6464,7.4,98.5
6465,9,100.6
6466,9.9,98.9
6467,10,97.1
6468,9.4,96.2
6469,8.5,93.7
6470,6.8,91.3
6471,3.9,73.9
6472,0.3,33.7
6473,0,0
6474,0,0
6475,0,0
6476,0,0
6477,0,0
6478,0,0
6479,0,0
6480,0,0
6481,0,0
6482,0,0
6483,0,0
6484,0,0
6485,0,25.8
6486,1.9,69.8
6487,4.8,86.6
6488,7.3,93.8
6489,8.8,93.8
6490,9.7,93.1
6491,9.8,93
6492,9.1,89.7
6493,8.2,89.1
6494,6.6,89.5
6495,3.8,72.1
6496,0.3,32.3
6497,0,0
6498,0,0
6499,0,0
6500,0,0
6501,0,0
6502,0,0
6503,0,0
6504,0,0
6505,0,0
6506,0,0
6507,0,0
6508,0,0
6509,0,0
6510,1.8,67
6511,4.6,85.7
6512,7,92.2
6513,8.5,93.4
6514,9.4,91.6
6515,9.3,88.4
6516,8.8,85.6
6517,7.9,79.8
6518,6.3,78.5
6519,3.6,69
6520,0.2,30.1
6521,0,0
6522,0,0
6523,0,0
6524,0,0
6525,0,0
6526,0,0
6527,0,0
6528,0,0
6529,0,0
6530,0,0
6531,0,0
6532,0,0
6533,0,0
6534,1.8,66.3
6535,4.3,82.7
6536,6.5,87.5
6537,8.3,92.9
6538,8.8,94.4
6539,9,94.2
6540,8.7,93.3
6541,7.7,88.8
6542,6.1,80
6543,3.6,68.1
6544,0.1,28.4
6545,0,0
6546,0,0
6547,0,0
6548,0,0
6549,0,0
6550,0,0
6551,0,0
6552,0,0
6553,0,0
6554,0,0
6555,0,0
6556,0,0
6557,0,0
6558,1.8,63
6559,4.4,82.1
6560,6.5,86.6
6561,7.8,87.4
6562,8.9,89.8
6563,9,91.4
6564,8.7,90.4
6565,7.6,90.5
6566,5.9,83.6
6567,3.5,67.9
6568,0.1,27.6
6569,0,0
6570,0,0
6571,0,0
6572,0,0
6573,0,0
6574,0,0
6575,0,0
6576,0,0
6577,0,0
6578,0,0
6579,0,0
6580,0,0
6581,0,0
6582,1.8,63.8
6583,4.3,82.3
6584,6.5,88.7
6585,7.9,91.1
6586,8.7,90.6
6587,8.6,87
6588,8.5,87.3
6589,7.6,85.6
6590,5.9,82.2
6591,3.4,66.3
6592,0.1,26.1
6593,0,0
6594,0,0
6595,0,0
6596,0,0
6597,0,0
6598,0,0
6599,0,0
6600,0,0
6601,0,0
6602,0,0
6603,0,0
6604,0,0
6605,0,0
6606,1.8,61.2
6607,4.5,78.6
6608,6.6,86.4
6609,7.8,88.3
6610,8.6,87.7
6611,9.2,82.7
6612,8.7,84.1
6613,7.5,79.1
6614,6.1,76.5
6615,3.4,63.4
6616,0.1,23.5
6617,0,0
6618,0,0
6619,0,0
6620,0,0
6621,0,0
6622,0,0
6623,0,0
6624,0,0
6625,0,0
6626,0,0
6627,0,0
6628,0,0
6629,0,0
6630,1.8,60.8
6631,4.4,75.4
6632,6.9,86.4
6633,8.2,89.3
6634,9.1,89.5
6635,8.9,90.2
6636,8.8,87.5
6637,7.8,81.8
6638,6.1,73.5
6639,3.7,64.3
6640,0.1,23.9
6641,0,0
6642,0,0
6643,0,0
6644,0,0
6645,0,0
6646,0,0
6647,0,0
6648,0,0
6649,0,0
6650,0,0
6651,0,0
6652,0,0
6653,0,0
6654,1.8,50.7
6655,3.1,67.7
6656,0.6,72.5
6657,5.3,58.7
6658,3.1,81.9
6659,5.9,69.6
6660,6.6,72.1
6661,6.7,58.2
6662,4.2,39
6663,2.3,60.2
6664,0,18.1
6665,0,0
6666,0,0
6667,0,0
6668,0,0
6669,0,0
6670,0,0
6671,0,0
6672,0,0
6673,0,0
6674,0,0
6675,0,0
6676,0,0
6677,0,0
6678,0.1,59.3
6679,0.5,75.3
6680,0.1,65.7
6681,2.4,78.9
6682,0.5,84.3
6683,7.4,86.2
6684,2.7,77.7
6685,5.1,73.1
6686,0.1,60
6687,1.6,52.3
6688,0,5.5
6689,0,0
6690,0,0
6691,0,0
6692,0,0
6693,0,0
6694,0,0
6695,0,0
6696,0,0
6697,0,0
6698,0,0
6699,0,0
6700,0,0
6701,0,0
6702,1.8,58.1
6703,4.7,74.5
6704,6.9,84.6
6705,8.6,89.8
6706,9.4,92.1
6707,9.3,93.7
6708,9.2,91.7
6709,7.7,89.2
6710,3.7,80.8
6711,3.6,65.6
6712,0.1,6.1
6713,0,0
6714,0,0
6715,0,0
6716,0,0
6717,0,0
6718,0,0
6719,0,0
6720,0,0
6721,0,0
6722,0,0
6723,0,0
6724,0,0
6725,0,0
6726,1.9,60.2
6727,4.8,78.6
6728,7.1,85.8
6729,8.3,91.1
6730,9.3,91
6731,9.7,90
6732,9.4,89.1
6733,8.3,86.3
6734,6.3,74.1
6735,1.8,60.9
6736,0,0.6
6737,0,0
6738,0,0
6739,0,0
6740,0,0
6741,0,0
6742,0,0
6743,0,0
6744,0,0
6745,0,0
6746,0,0
6747,0,0
6748,0,0
6749,0,0
6750,0.4,62
6751,2.6,80.1
6752,5.5,88.3
6753,7.6,86.5
6754,9.6,82.8
6755,6.1,90.3
6756,0.3,90.7
6757,0.2,89.7
6758,0,76.5
6759,1.4,64.9
6760,0,0
6761,0,0
6762,0,0
6763,0,0
6764,0,0
6765,0,0
6766,0,0
6767,0,0
6768,0,0
6769,0,0
6770,0,0
6771,0,0
6772,0,0
6773,0,0
6774,0,14.1
6775,1.4,13.9
6776,7.1,56.2
6777,8.8,90.5
6778,10.2,98.3
6779,10.4,102.1
6780,10.2,102
6781,9,98.9
6782,6.9,88.6
6783,3.7,70
6784,0,0
6785,0,0
6786,0,0
6787,0,0
6788,0,0
6789,0,0
6790,0,0
6791,0,0
6792,0,0
6793,0,0
6794,0,0
6795,0,0
6796,0,0
6797,0,0
6798,1.9,68.7
6799,4.9,87.8
6800,7.7,94.7
6801,9.2,96.7
6802,10.1,96.1
6803,10.3,93.2
6804,9.7,94.9
6805,8.6,93.7
6806,6.7,90.3
6807,3.6,67.3
6808,0,0
6809,0,0
6810,0,0
6811,0,0
6812,0,0
6813,0,0
6814,0,0
6815,0,0
6816,0,0
6817,0,0
6818,0,0
6819,0,0
6820,0,0
6821,0,0
6822,1.8,66.9
6823,4.9,87.4
6824,7.6,97.1
6825,9.1,98.7
6826,9.8,97.2
6827,9.9,92.5
6828,9.4,92.9
6829,8.2,89.1
6830,6.6,84.7
6831,3.4,65.6
6832,0,0
6833,0,0
6834,0,0
6835,0,0
6836,0,0
6837,0,0
6838,0,0
6839,0,0
6840,0,0
6841,0,0
6842,0,0
6843,0,0
6844,0,0
6845,0,0
6846,1.8,57.5
6847,4.7,79.4
6848,7.1,91
6849,8.4,93
6850,9.4,95.8
6851,9.3,93.5
6852,8.9,92.4
6853,8,94.6
6854,6,84.3
6855,3.3,65.8
6856,0,0
6857,0,0
6858,0,0
6859,0,0
6860,0,0
6861,0,0
6862,0,0
6863,0,0
6864,0,0
6865,0,0
6866,0,0
6867,0,0
6868,0,0
6869,0,0
6870,1.7,61.7
6871,4.6,86.9
6872,7.4,98.1
6873,9,100.1
6874,10,100.1
6875,9.9,98.6
6876,9.4,97
6877,8.2,92.9
6878,6.3,88
6879,3.3,23.2
6880,0,0
6881,0,0
6882,0,0
6883,0,0
6884,0,0
6885,0,0
6886,0,0
6887,0,0
6888,0,0
6889,0,0
6890,0,0
6891,0,0
6892,0,0
6893,0,0
6894,1.8,63
6895,4.8,86.3
6896,7.2,93.8
6897,8.7,94.6
6898,9.5,93.9
6899,9.8,92.2
6900,9,91.3
6901,8.3,87.5
6902,6.3,85.8
6903,3.3,62.6
6904,0,0
6905,0,0
6906,0,0
6907,0,0
6908,0,0
6909,0,0
6910,0,0
6911,0,0
6912,0,0
6913,0,0
6914,0,0
6915,0,0
6916,0,0
6917,0,0
6918,1.8,65.3
6919,4.7,85.2
6920,7,92.8
6921,8.9,92.8
6922,9.8,93.5
6923,9.8,91.3
6924,9.2,91
6925,8.1,88.3
6926,6.1,80.5
6927,3.2,61.3
6928,0,0
6929,0,0
6930,0,0
6931,0,0
6932,0,0
6933,0,0
6934,0,0
6935,0,0
6936,0,0
6937,0,0
6938,0,0
6939,0,0
6940,0,0
6941,0,0
6942,1.7,61.6
6943,4.5,83.2
6944,7.3,94
6945,8.9,78.6
6946,9.4,46.3
6947,8.9,3.9
6948,5.5,1.7
6949,0.5,0.5
6950,0,0.1
6951,0,0
6952,0,0
6953,0,0
6954,0,0
6955,0,0
6956,0,0
6957,0,0
6958,0,0
6959,0,0
6960,0,0
6961,0,0
6962,0,0
6963,0,0
6964,0,0
6965,0,0
6966,0,57.6
6967,0,0.5
6968,0.4,0.6
6969,5.8,2.4
6970,7.8,19
6971,4.5,47
6972,5.5,68.1
6973,3.9,75.9
6974,5.6,0.1
6975,2.7,0
6976,0,0
6977,0,0
6978,0,0
6979,0,0
6980,0,0
6981,0,0
6982,0,0
6983,0,0
6984,0,0
6985,0,0
6986,0,0
6987,0,0
6988,0,0
6989,0,0
6990,1.7,17.1
6991,4.5,31.9
6992,6.7,37.6
6993,8.2,58.3
6994,9,79.3
6995,9.1,75
6996,8.7,50.1
6997,7.7,55.6
6998,6.1,50.2
6999,3,59
7000,0,0
7001,0,0
7002,0,0
7003,0,0
7004,0,0
7005,0,0
7006,0,0
7007,0,0
7008,0,0
7009,0,0
7010,0,0
7011,0,0
7012,0,0
7013,0,0
7014,1.7,65.7
7015,4.5,87.2
7016,6.8,96.6
7017,8.5,99.4
7018,9.3,99
7019,9.2,97.6
7020,9.2,96.8
7021,8,93.4
7022,5.8,82
7023,2.9,59.5
7024,0,0
7025,0,0
7026,0,0
7027,0,0
7028,0,0
7029,0,0
7030,0,0
7031,0,0
7032,0,0
7033,0,0
7034,0,0
7035,0,0
7036,0,0
7037,0,0
7038,1.7,66
7039,4.7,88.2
7040,7.1,95.3
7041,8.4,92
7042,9.6,96.2
7043,9.6,96.8
7044,9.2,94.5
7045,7.8,91.7
7046,5.8,84.2
7047,2.9,59.6
7048,0,0
7049,0,0
7050,0,0
7051,0,0
7052,0,0
7053,0,0
7054,0,0
7055,0,0
7056,0,0
7057,0,0
7058,0,0
7059,0,0
7060,0,0
7061,0,0
7062,1.7,66.4
7063,4.8,88.9
7064,7.5,97.9
7065,9.4,98.6
7066,10.3,98.4
7067,10.4,98.8
7068,9.8,98
7069,8.4,94.5
7070,6.1,84.4
7071,2.9,60.4
7072,0,0
7073,0,0
7074,0,0
7075,0,0
7076,0,0
7077,0,0
7078,0,0
7079,0,0
7080,0,0
7081,0,0
7082,0,0
7083,0,0
7084,0,0
7085,0,0
7086,1.7,63.7
7087,4.6,85.4
7088,6.9,93.3
7089,8.4,96
7090,9.1,95.1
7091,9.7,94.3
7092,9.1,91
7093,8,89.1
7094,6,85.2
7095,2.8,57.8
7096,0,0
7097,0,0
7098,0,0
7099,0,0
7100,0,0
7101,0,0
7102,0,0
7103,0,0
7104,0,0
7105,0,0
7106,0,0
7107,0,0
7108,0,0
7109,0,0
7110,1.6,62.2
7111,4.5,82.3
7112,6.8,89.9
7113,8.5,92
7114,9.2,93.4
7115,9,92.7
7116,8.8,92.6
7117,7.8,90
7118,5.8,81.6
7119,2.7,55.5
7120,0,0
7121,0,0
7122,0,0
7123,0,0
7124,0,0
7125,0,0
7126,0,0
7127,0,0
7128,0,0
7129,0,0
7130,0,0
7131,0,0
7132,0,0
7133,0,0
7134,1.6,63.2
7135,4.7,86.6
7136,7.3,94.5
7137,9.1,97.1
7138,10,95.9
7139,10,95.4
7140,9.4,92.6
7141,8.1,89.4
7142,5.8,80.3
7143,2.7,56.2
7144,0,0
7145,0,0
7146,0,0
7147,0,0
7148,0,0
7149,0,0
7150,0,0
7151,0,0
7152,0,0
7153,0,0
7154,0,0
7155,0,0
7156,0,0
7157,0,0
7158,1.6,62.8
7159,4.5,85.6
7160,6.9,93
7161,8.7,94.1
7162,9.7,91.8
7163,9.8,91.5
7164,9.2,91.1
7165,8,88
7166,5.8,82.2
7167,2.6,55.5
7168,0,0
7169,0,0
7170,0,0
7171,0,0
7172,0,0
7173,0,0
7174,0,0
7175,0,0
7176,0,0
7177,0,0
7178,0,0
7179,0,0
7180,0,0
7181,0,0
7182,1.5,59.4
7183,4.5,82.5
7184,6.8,89.6
7185,8.5,91.9
7186,9.5,88.1
7187,9.5,83.7
7188,8.8,82.3
7189,7.7,80.5
7190,5.7,75.7
7191,2.3,52.6
7192,0,0
7193,0,0
7194,0,0
7195,0,0
7196,0,0
7197,0,0
7198,0,0
7199,0,0
7200,0,0
7201,0,0
7202,0,0
7203,0,0
7204,0,0
7205,0,0
7206,1.4,2.7
7207,4.4,47
7208,7,27.4
7209,8.6,33.1
7210,9.5,2.3
7211,9.7,20.2
7212,9.1,43.8
7213,7.6,28.8
7214,5.3,0
7215,2.5,13.8
7216,0,0
7217,0,0
7218,0,0
7219,0,0
7220,0,0
7221,0,0
7222,0,0
7223,0,0
7224,0,0
7225,0,0
7226,0,0
7227,0,0
7228,0,0
7229,0,0
7230,1.5,54.5
7231,4.4,79.7
7232,6.9,90.3
7233,8.7,95.9
7234,9.5,96.7
7235,9.6,98.3
7236,9,96.5
7237,7.8,92.8
7238,5.6,80.5
7239,2.4,53.9
7240,0,0
7241,0,0
7242,0,0
7243,0,0
7244,0,0
7245,0,0
7246,0,0
7247,0,0
7248,0,0
7249,0,0
7250,0,0
7251,0,0
7252,0,0
7253,0,0
7254,1.5,61.4
7255,4.4,86.2
7256,7,95.6
7257,8.9,98.4
7258,9.7,96.8
7259,9.7,97.8
7260,9.1,96.5
7261,7.8,92.1
7262,5.5,83.6
7263,2.4,53.6
7264,0,0
7265,0,0
7266,0,0
7267,0,0
7268,0,0
7269,0,0
7270,0,0
7271,0,0
7272,0,0
7273,0,0
7274,0,0
7275,0,0
7276,0,0
7277,0,0
7278,1.4,59
7279,4.3,84.8
7280,6.6,92.4
7281,7.9,94.7
7282,8.7,93.6
7283,9.1,91.7
7284,8.7,89.2
7285,7.5,86.6
7286,5.4,79.2
7287,2.3,49.9
7288,0,0
7289,0,0
7290,0,0
7291,0,0
7292,0,0
7293,0,0
7294,0,0
7295,0,0
7296,0,0
7297,0,0
7298,0,0
7299,0,0
7300,0,0
7301,0,0
7302,1.4,56.4
7303,4.1,81.1
7304,6.4,88.2
7305,8,89.3
7306,8.7,89.8
7307,8.6,87.8
7308,8.3,86.2
7309,7.2,81.9
7310,5.1,76.8
7311,2.2,47.9
7312,0,0
7313,0,0
7314,0,0
7315,0,0
7316,0,0
7317,0,0
7318,0,0
7319,0,0
7320,0,0
7321,0,0
7322,0,0
7323,0,0
7324,0,0
7325,0,0
7326,1.4,52.7
7327,4.3,75.1
7328,6.6,88.2
7329,8.2,92.4
7330,8.9,92.2
7331,8.7,90.8
7332,8.2,88.2
7333,7.4,84.7
7334,5.2,73.7
7335,2.2,46.7
7336,0,0
7337,0,0
7338,0,0
7339,0,0
7340,0,0
7341,0,0
7342,0,0
7343,0,0
7344,0,0
7345,0,0
7346,0,0
7347,0,0
7348,0,0
7349,0,0
7350,1.4,53.5
7351,4.1,77.8
7352,6.4,87.5
7353,7.9,91.3
7354,9,91.1
7355,9,90.3
7356,8.6,88.9
7357,7.4,85.3
7358,5,75.1
7359,2.1,45.7
7360,0,0
7361,0,0
7362,0,0
7363,0,0
7364,0,0
7365,0,0
7366,0,0
7367,0,0
7368,0,0
7369,0,0
7370,0,0
7371,0,0
7372,0,0
7373,0,0
7374,1.3,53.3
7375,4.2,77.2
7376,6.5,86.1
7377,8.1,89.7
7378,8.8,90.8
7379,8.7,89.6
7380,8.2,89.3
7381,7.1,85.2
7382,5.1,75.9
7383,1.8,33.5
7384,0,0
7385,0,0
7386,0,0
7387,0,0
7388,0,0
7389,0,0
7390,0,0
7391,0,0
7392,0,0
7393,0,0
7394,0,0
7395,0,0
7396,0,0
7397,0,0
7398,1.1,52.9
7399,4,78.8
7400,6.5,86.4
7401,8.2,88.6
7402,9.1,88.7
7403,9.2,87.3
7404,8.5,81.9
7405,7.2,77.4
7406,5.3,73.9
7407,1.9,40.8
7408,0,0
7409,0,0
7410,0,0
7411,0,0
7412,0,0
7413,0,0
7414,0,0
7415,0,0
7416,0,0
7417,0,0
7418,0,0
7419,0,0
7420,0,0
7421,0,0
7422,1.1,49.3
7423,4,74.7
7424,6.3,79.3
7425,7.7,78.4
7426,8.7,80.1
7427,8.9,80.8
7428,8.2,82.6
7429,6.5,80.4
7430,4.6,70.9
7431,2,33.2
7432,0,0
7433,0,0
7434,0,0
7435,0,0
7436,0,0
7437,0,0
7438,0,0
7439,0,0
7440,0,0
7441,0,0
7442,0,0
7443,0,0
7444,0,0
7445,0,0
7446,1,48.8
7447,4,73.7
7448,6.1,80.6
7449,7.4,84.2
7450,8,85
7451,8.4,81.8
7452,7.9,80.1
7453,7,75.6
7454,5,71.1
7455,1.4,30.8
7456,0,0
7457,0,0
7458,0,0
7459,0,0
7460,0,0
7461,0,0
7462,0,0
7463,0,0
7464,0,0
7465,0,0
7466,0,0
7467,0,0
7468,0,0
7469,0,0
7470,0.9,48.3
7471,4,78.5
7472,6.5,88.2
7473,7.9,92.4
7474,8.7,90.4
7475,8.7,88.8
7476,8.6,88.1
7477,7.2,85.8
7478,4.9,75
7479,1.9,43.2
7480,0,0
7481,0,0
7482,0,0
7483,0,0
7484,0,0
7485,0,0
7486,0,0
7487,0,0
7488,0,0
7489,0,0
7490,0,0
7491,0,0
7492,0,0
7493,0,0
7494,0.8,49.5
7495,3.9,80
7496,6.3,89.1
7497,7.6,92.1
7498,8.3,91.7
7499,8.4,90.3
7500,7.9,87.5
7501,6.8,83.7
7502,4.9,75.2
7503,1.9,42.6
7504,0,0
7505,0,0
7506,0,0
7507,0,0
7508,0,0
7509,0,0
7510,0,0
7511,0,0
7512,0,0
7513,0,0
7514,0,0
7515,0,0
7516,0,0
7517,0,0
7518,0.7,48.6
7519,3.8,79.5
7520,6,88.7
7521,7.9,91
7522,8.5,91.8
7523,8.5,90.7
7524,7.8,87.8
7525,6.7,83.4
7526,4.8,74
7527,1.8,41.6
7528,0,0
7529,0,0
7530,0,0
7531,0,0
7532,0,0
7533,0,0
7534,0,0
7535,0,0
7536,0,0
7537,0,0
7538,0,0
7539,0,0
7540,0,0
7541,0,0
7542,0.6,47.5
7543,3.9,77.2
7544,6,87.8
7545,7.4,89.2
7546,8.2,88.5
7547,8.2,87.5
7548,7.7,84.7
7549,6.6,80.8
7550,4.7,72.5
7551,1.8,40.7
7552,0,0
7553,0,0
7554,0,0
7555,0,0
7556,0,0
7557,0,0
7558,0,0
7559,0,0
7560,0,0
7561,0,0
7562,0,0
7563,0,0
7564,0,0
7565,0,0
7566,0.5,46.4
7567,3.7,77.2
7568,6,88.7
7569,7.8,90.7
7570,8.5,91
7571,8.6,90.5
7572,8.2,88.4
7573,6.9,84
7574,4.6,71.1
7575,1.7,39.5
7576,0,0
7577,0,0
7578,0,0
7579,0,0
7580,0,0
7581,0,0
7582,0,0
7583,0,0
7584,0,0
7585,0,0
7586,0,0
7587,0,0
7588,0,0
7589,0,0
7590,0.5,47
7591,3.8,78.3
7592,6.2,90.6
7593,7.7,92.7
7594,8.6,92.3
7595,8.7,90.5
7596,8.4,87.3
7597,7,84.6
7598,4.7,73.7
7599,1.7,39.6
7600,0,0
7601,0,0
7602,0,0
7603,0,0
7604,0,0
7605,0,0
7606,0,0
7607,0,0
7608,0,0
7609,0,0
7610,0,0
7611,0,0
7612,0,0
7613,0,0
7614,0.4,45
7615,3.8,77.5
7616,6.4,87.9
7617,8.2,89.9
7618,9.1,90.6
7619,9.2,89.6
7620,8.5,86.6
7621,7.1,83.3
7622,4.7,71.3
7623,1.7,38.5
7624,0,0
7625,0,0
7626,0,0
7627,0,0
7628,0,0
7629,0,0
7630,0,0
7631,0,0
7632,0,0
7633,0,0
7634,0,0
7635,0,0
7636,0,0
7637,0,0
7638,0.3,36.4
7639,2.8,65.1
7640,5,83.2
7641,7.5,84.9
7642,7.7,84.1
7643,8.4,83
7644,6.9,73.6
7645,3.2,64.8
7646,1,54.5
7647,0,22.8
7648,0,0
7649,0,0
7650,0,0
7651,0,0
7652,0,0
7653,0,0
7654,0,0
7655,0,0
7656,0,0
7657,0,0
7658,0,0
7659,0,0
7660,0,0
7661,0,0
7662,0.3,44.9
7663,3.8,81
7664,6.4,90.4
7665,8.3,92.7
7666,9.3,93.4
7667,9.4,92.1
7668,8.7,89.5
7669,7.2,86.2
7670,4.8,73.3
7671,1.5,37.9
7672,0,0
7673,0,0
7674,0,0
7675,0,0
7676,0,0
7677,0,0
7678,0,0
7679,0,0
7680,0,0
7681,0,0
7682,0,0
7683,0,0
7684,0,0
7685,0,0
7686,0.3,43.5
7687,3.6,73.7
7688,6.1,84.8
7689,7.4,88.5
7690,8.2,91.3
7691,8.5,91.2
7692,8,89.6
7693,6.8,85.4
7694,4.5,72.5
7695,0.5,36.6
7696,0,0
7697,0,0
7698,0,0
7699,0,0
7700,0,0
7701,0,0
7702,0,0
7703,0,0
7704,0,0
7705,0,0
7706,0,0
7707,0,0
7708,0,0
7709,0,0
7710,0.3,40.8
7711,3.6,76.9
7712,6.1,88
7713,7.7,86.4
7714,8.8,91.3
7715,8.8,91.4
7716,8.2,89.8
7717,6.9,86.3
7718,4.7,73.1
7719,1.4,36.6
7720,0,0
7721,0,0
7722,0,0
7723,0,0
7724,0,0
7725,0,0
7726,0,0
7727,0,0
7728,0,0
7729,0,0
7730,0,0
7731,0,0
7732,0,0
7733,0,0
7734,0.2,41.8
7735,3.5,76.9
7736,6,89.2
7737,7.8,91.6
7738,8.7,91.7
7739,8.6,89.1
7740,8.1,85.6
7741,6.9,82.9
7742,4.6,72.5
7743,1.4,35.5
7744,0,0
7745,0,0
7746,0,0
7747,0,0
7748,0,0
7749,0,0
7750,0,0
7751,0,0
7752,0,0
7753,0,0
7754,0,0
7755,0,0
7756,0,0
7757,0,0
7758,0.2,40.4
7759,3.7,75.7
7760,6,85.6
7761,7.5,89
7762,8.3,90.4
7763,8.4,90.1
7764,8.1,87.4
7765,7,83
7766,4.7,71.8
7767,1.4,34.7
7768,0,0
7769,0,0
7770,0,0
7771,0,0
7772,0,0
7773,0,0
7774,0,0
7775,0,0
7776,0,0
7777,0,0
7778,0,0
7779,0,0
7780,0,0
7781,0,0
7782,0.2,38.8
7783,3.5,74.5
7784,6,85.1
7785,7.6,88.9
7786,8.1,89.6
7787,8.2,89.3
7788,7.8,86.7
7789,6.7,83.1
7790,4.6,70.6
7791,1.3,34.4
7792,0,0
7793,0,0
7794,0,0
7795,0,0
7796,0,0
7797,0,0
7798,0,0
7799,0,0
7800,0,0
7801,0,0
7802,0,0
7803,0,0
7804,0,0
7805,0,0
7806,0.2,38.3
7807,3.5,74
7808,6,84.7
7809,7.5,87
7810,8.3,87.8
7811,8.3,86.7
7812,7.7,84.8
7813,6.6,80.8
7814,4.5,69.7
7815,1.3,34
7816,0,0
7817,0,0
7818,0,0
7819,0,0
7820,0,0
7821,0,0
7822,0,0
7823,0,0
7824,0,0
7825,0,0
7826,0,0
7827,0,0
7828,0,0
7829,0,0
7830,0.2,36
7831,3.4,71.5
7832,5.9,84.1
7833,7.6,84.3
7834,8.7,85.2
7835,8.9,84.1
7836,8.3,81.9
7837,6.9,77.6
7838,4.4,68
7839,1.3,32.6
7840,0,0
7841,0,0
7842,0,0
7843,0,0
7844,0,0
7845,0,0
7846,0,0
7847,0,0
7848,0,0
7849,0,0
7850,0,0
7851,0,0
7852,0,0
7853,0,0
7854,0.2,36.6
7855,3.5,72.9
7856,5.9,84.1
7857,7.5,85.3
7858,8.7,85.3
7859,8.8,83.2
7860,8.2,80.7
7861,6.9,74.8
7862,4.5,67.7
7863,1.3,32.6
7864,0,0
7865,0,0
7866,0,0
7867,0,0
7868,0,0
7869,0,0
7870,0,0
7871,0,0
7872,0,0
7873,0,0
7874,0,0
7875,0,0
7876,0,0
7877,0,0
7878,0.1,35.9
7879,3.4,71.6
7880,5.8,82.7
7881,7.6,87.3
7882,8.5,88.1
7883,8.2,88
7884,7.8,85.7
7885,6.9,80.6
7886,4.5,67.3
7887,1.2,31.9
7888,0,0
7889,0,0
7890,0,0
7891,0,0
7892,0,0
7893,0,0
7894,0,0
7895,0,0
7896,0,0
7897,0,0
7898,0,0
7899,0,0
7900,0,0
7901,0,0
7902,0.1,35.5
7903,3.3,73.2
7904,5.9,83.6
7905,7.5,86.6
7906,8.3,88
7907,8.5,86.3
7908,7.5,84.8
7909,5.3,79.8
7910,4,67.6
7911,1.1,31.7
7912,0,0
7913,0,0
7914,0,0
7915,0,0
7916,0,0
7917,0,0
7918,0,0
7919,0,0
7920,0,0
7921,0,0
7922,0,0
7923,0,0
7924,0,0
7925,0,0
7926,0.1,31.1
7927,3.3,52.1
7928,6,48.9
7929,7.8,70.2
7930,8.5,86.3
7931,8.8,87.2
7932,8.2,84.9
7933,6.7,80.5
7934,4.5,68.8
7935,1.2,28.8
7936,0,0
7937,0,0
7938,0,0
7939,0,0
7940,0,0
7941,0,0
7942,0,0
7943,0,0
7944,0,0
7945,0,0
7946,0,0
7947,0,0
7948,0,0
7949,0,0
7950,0.1,23.1
7951,3.4,57.4
7952,6.1,75.5
7953,7.8,80.4
7954,8.7,82.6
7955,8.9,81.9
7956,8.2,82.1
7957,7,79
7958,4.5,66.4
7959,1.2,30.6
7960,0,0
7961,0,0
7962,0,0
7963,0,0
7964,0,0
7965,0,0
7966,0,0
7967,0,0
7968,0,0
7969,0,0
7970,0,0
7971,0,0
7972,0,0
7973,0,0
7974,0,23.6
7975,3,55.9
7976,5.1,56.1
7977,6.6,57.3
7978,7.3,78.2
7979,8,84.2
7980,7.4,84.8
7981,6.6,80.9
7982,4.4,67.2
7983,1.1,30.7
7984,0,0
7985,0,0
7986,0,0
7987,0,0
7988,0,0
7989,0,0
7990,0,0
7991,0,0
7992,0,0
7993,0,0
7994,0,0
7995,0,0
7996,0,0
7997,0,0
7998,0,32.3
7999,3.3,71
8000,5.8,80
8001,7.6,85.8
8002,8.6,87
8003,9,87
8004,8.4,86
8005,7.1,82
8006,4.7,68.8
8007,1.2,30.5
8008,0,0
8009,0,0
8010,0,0
8011,0,0
8012,0,0
8013,0,0
8014,0,0
8015,0,0
8016,0,0
8017,0,0
8018,0,0
8019,0,0
8020,0,0
8021,0,0
8022,0,14.7
8023,3.3,53.3
8024,6.1,52.4
8025,8.1,54.8
8026,9.3,50.1
8027,9.5,61.9
8028,8.9,41.5
8029,7.5,61.2
8030,4.8,21.6
8031,1.2,25.6
8032,0,0
8033,0,0
8034,0,0
8035,0,0
8036,0,0
8037,0,0
8038,0,0
8039,0,0
8040,0,0
8041,0,0
8042,0,0
8043,0,0
8044,0,0
8045,0,0
8046,0,0
8047,3.2,73.5
8048,5.8,88.8
8049,7.8,90.1
8050,8.9,88.4
8051,9.3,92.7
8052,8.7,90.9
8053,7.3,85.7
8054,4.8,71.7
8055,1.1,31.3
8056,0,0
8057,0,0
8058,0,0
8059,0,0
8060,0,0
8061,0,0
8062,0,0
8063,0,0
8064,0,0
8065,0,0
8066,0,0
8067,0,0
8068,0,0
8069,0,0
8070,0,32.7
8071,3.4,79.1
8072,6.4,95
8073,8.6,97.9
8074,9.7,98.4
8075,10,97.5
8076,9.3,95.3
8077,7.7,89.7
8078,4.8,72.5
8079,1.2,32.7
8080,0,0
8081,0,0
8082,0,0
8083,0,0
8084,0,0
8085,0,0
8086,0,0
8087,0,0
8088,0,0
8089,0,0
8090,0,0
8091,0,0
8092,0,0
8093,0,0
8094,0,31.8
8095,3.4,74.9
8096,6,90.2
8097,7.8,93.5
8098,8.9,93.3
8099,8.9,89.8
8100,8.5,89
8101,7.3,84.8
8102,5,74.5
8103,0.5,17.2
8104,0,0
8105,0,0
8106,0,0
8107,0,0
8108,0,0
8109,0,0
8110,0,0
8111,0,0
8112,0,0
8113,0,0
8114,0,0
8115,0,0
8116,0,0
8117,0,0
8118,0,0
8119,3.3,74.7
8120,6,87.2
8121,7.8,90.6
8122,8.9,90.7
8123,9,89.6
8124,8.7,89.6
8125,7.2,84
8126,4.9,69.4
8127,1.6,31.8
8128,0,0
8129,0,0
8130,0,0
8131,0,0
8132,0,0
8133,0,0
8134,0,0
8135,0,0
8136,0,0
8137,0,0
8138,0,0
8139,0,0
8140,0,0
8141,0,0
8142,0,0
8143,3.4,75
8144,6.5,89.6
8145,8.5,94.4
8146,9.6,94.1
8147,9.8,93.6
8148,9.2,92.4
8149,7.7,87.9
8150,4.9,71.8
8151,1.6,32.3
8152,0,0
8153,0,0
8154,0,0
8155,0,0
8156,0,0
8157,0,0
8158,0,0
8159,0,0
8160,0,0
8161,0,0
8162,0,0
8163,0,0
8164,0,0
8165,0,0
8166,0,0
8167,3.3,75.7
8168,6.1,89.2
8169,8.1,92.1
8170,9.1,92.9
8171,9.3,92
8172,8.8,89.2
8173,7.5,85
8174,4.9,73.3
8175,1.6,32
8176,0,0
8177,0,0
8178,0,0
8179,0,0
8180,0,0
8181,0,0
8182,0,0
8183,0,0
8184,0,0
8185,0,0
8186,0,0
8187,0,0
8188,0,0
8189,0,0
8190,0,0
8191,3.2,72.9
8192,5.9,87.4
8193,7.5,91.2
8194,8.3,92.3
8195,8.5,89.4
8196,8,85.9
8197,7.1,82
8198,4.8,71.3
8199,1.6,31.5
8200,0,0
8201,0,0
8202,0,0
8203,0,0
8204,0,0
8205,0,0
8206,0,0
8207,0,0
8208,0,0
8209,0,0
8210,0,0
8211,0,0
8212,0,0
8213,0,0
8214,0,0
8215,3.1,67.6
8216,5.7,81.5
8217,7.4,82.5
8218,8.2,85.5
8219,8.4,82.2
8220,7.9,83.9
8221,6.8,80
8222,4.7,69
8223,1.6,30.8
8224,0,0
8225,0,0
8226,0,0
8227,0,0
8228,0,0
8229,0,0
8230,0,0
8231,0,0
8232,0,0
8233,0,0
8234,0,0
8235,0,0
8236,0,0
8237,0,0
8238,0,0
8239,3.1,69.8
8240,5.7,83.2
8241,7.3,87.3
8242,8.2,87.9
8243,8.5,86.5
8244,8,84.6
8245,6.7,80.6
8246,4.6,68.8
8247,1.5,30.5
8248,0,0
8249,0,0
8250,0,0
8251,0,0
8252,0,0
8253,0,0
8254,0,0
8255,0,0
8256,0,0
8257,0,0
8258,0,0
8259,0,0
8260,0,0
8261,0,0
8262,0,0
8263,2.9,69.6
8264,5.4,84.2
8265,7.1,86.6
8266,7.9,87.4
8267,8.4,86.8
8268,8.3,84.9
8269,7,80.3
8270,4.5,68.7
8271,1.5,30.4
8272,0,0
8273,0,0
8274,0,0
8275,0,0
8276,0,0
8277,0,0
8278,0,0
8279,0,0
8280,0,0
8281,0,0
8282,0,0
8283,0,0
8284,0,0
8285,0,0
8286,0,0
8287,3,67.2
8288,5.6,81.4
8289,7.7,83.5
8290,8.7,83.5
8291,8.9,81.9
8292,8.2,80.4
8293,6.7,77.8
8294,4.5,65.6
8295,1.5,29.5
8296,0,0
8297,0,0
8298,0,0
8299,0,0
8300,0,0
8301,0,0
8302,0,0
8303,0,0
8304,0,0
8305,0,0
8306,0,0
8307,0,0
8308,0,0
8309,0,0
8310,0,0
8311,2.9,61.7
8312,5.6,73.6
8313,7.6,84.6
8314,8.6,85.5
8315,9,86.8
8316,8.5,86.1
8317,7.1,81.9
8318,4.7,68.1
8319,1.5,30.3
8320,0,0
8321,0,0
8322,0,0
8323,0,0
8324,0,0
8325,0,0
8326,0,0
8327,0,0
8328,0,0
8329,0,0
8330,0,0
8331,0,0
8332,0,0
8333,0,0
8334,0,0
8335,2.9,67.1
8336,5.8,83.6
8337,7.8,92.3
8338,9,91.7
8339,9.3,90.6
8340,8.8,90.1
8341,7.3,85.1
8342,4.8,70.2
8343,1.6,31.4
8344,0,0
8345,0,0
8346,0,0
8347,0,0
8348,0,0
8349,0,0
8350,0,0
8351,0,0
8352,0,0
8353,0,0
8354,0,0
8355,0,0
8356,0,0
8357,0,0
8358,0,0
8359,2.9,65.9
8360,5.8,83.7
8361,7.6,88
8362,8.5,88.2
8363,8.5,87.7
8364,8.3,85.8
8365,7.2,81
8366,4.9,71.3
8367,1.6,31.5
8368,0,0
8369,0,0
8370,0,0
8371,0,0
8372,0,0
8373,0,0
8374,0,0
8375,0,0
8376,0,0
8377,0,0
8378,0,0
8379,0,0
8380,0,0
8381,0,0
8382,0,0
8383,2.9,66
8384,5.7,81.7
8385,7.5,82.3
8386,8.8,85.2
8387,8.9,84.1
8388,8.3,84.6
8389,6.9,81.2
8390,4.5,69.1
8391,1,30.5
8392,0,0
8393,0,0
8394,0,0
8395,0,0
8396,0,0
8397,0,0
8398,0,0
8399,0,0
8400,0,0
8401,0,0
8402,0,0
8403,0,0
8404,0,0
8405,0,0
8406,0,0
8407,2.9,68.4
8408,5.6,83.9
8409,7.4,86
8410,8.4,86.2
8411,8.9,85.6
8412,8.5,85.5
8413,7.2,81
8414,4.7,69.6
8415,1.6,31.6
8416,0,0
8417,0,0
8418,0,0
8419,0,0
8420,0,0
8421,0,0
8422,0,0
8423,0,0
8424,0,0
8425,0,0
8426,0,0
8427,0,0
8428,0,0
8429,0,0
8430,0,0
8431,2.8,64.8
8432,5.5,79.4
8433,7.6,85.1
8434,8.6,84.3
8435,8.8,81
8436,8.3,82.1
8437,6.9,77.7
8438,4.8,65.8
8439,1.6,31.1
8440,0,0
8441,0,0
8442,0,0
8443,0,0
8444,0,0
8445,0,0
8446,0,0
8447,0,0
8448,0,0
8449,0,0
8450,0,0
8451,0,0
8452,0,0
8453,0,0
8454,0,0
8455,2.8,66.9
8456,5.5,81.6
8457,7.4,88
8458,8.4,89.3
8459,9.1,88.7
8460,8.7,86.3
8461,7.3,82
8462,4.8,67.2
8463,1.6,31.1
8464,0,0
8465,0,0
8466,0,0
8467,0,0
8468,0,0
8469,0,0
8470,0,0
8471,0,0
8472,0,0
8473,0,0
8474,0,0
8475,0,0
8476,0,0
8477,0,0
8478,0,0
8479,2.8,66.1
8480,5.7,81.5
8481,7.4,88.8
8482,8.6,89.9
8483,9.3,90.5
8484,8.9,89
8485,7.5,84.6
8486,4.9,70.2
8487,1.7,31.6
8488,0,0
8489,0,0
8490,0,0
8491,0,0
8492,0,0
8493,0,0
8494,0,0
8495,0,0
8496,0,0
8497,0,0
8498,0,0
8499,0,0
8500,0,0
8501,0,0
8502,0,0
8503,2.7,72.2
8504,5.4,91.6
8505,6.4,94.7
8506,8.2,94.4
8507,9.3,93.4
8508,8.5,91
8509,7.4,86.7
8510,5,73.1
8511,1.7,33.2
8512,0,0
8513,0,0
8514,0,0
8515,0,0
8516,0,0
8517,0,0
8518,0,0
8519,0,0
8520,0,0
8521,0,0
8522,0,0
8523,0,0
8524,0,0
8525,0,0
8526,0,0
8527,2,70.5
8528,4.8,88
8529,7.6,91.6
8530,8.9,92.8
8531,9.6,90.9
8532,9,89.7
8533,7.8,86.5
8534,5.2,73.9
8535,1.8,33.7
8536,0,0
8537,0,0
8538,0,0
8539,0,0
8540,0,0
8541,0,0
8542,0,0
8543,0,0
8544,0,0
8545,0,0
8546,0,0
8547,0,0
8548,0,0
8549,0,0
8550,0,0
8551,1.5,47
8552,2.8,67.1
8553,1.9,78.1
8554,3.5,67.6
8555,4.8,72.5
8556,6.3,76.8
8557,6.6,76.6
8558,4.8,68.8
8559,1.6,27.2
8560,0,0
8561,0,0
8562,0,0
8563,0,0
8564,0,0
8565,0,0
8566,0,0
8567,0,0
8568,0,0
8569,0,0
8570,0,0
8571,0,0
8572,0,0
8573,0,0
8574,0,0
8575,2.7,68.8
8576,5.6,86.7
8577,7.5,89.9
8578,8.9,88.2
8579,9.1,88.6
8580,8.8,87.6
8581,7.3,83.1
8582,5,73.2
8583,1.8,34.3
8584,0,0
8585,0,0
8586,0,0
8587,0,0
8588,0,0
8589,0,0
8590,0,0
8591,0,0
8592,0,0
8593,0,0
8594,0,0
8595,0,0
8596,0,0
8597,0,0
8598,0,0
8599,2.7,69.5
8600,5.5,88
8601,7.5,91
8602,8.7,92.3
8603,8.8,89.8
8604,8.3,87.3
8605,7.2,83.5
8606,5.1,72.5
8607,1.8,34.7
8608,0,0
8609,0,0
8610,0,0
8611,0,0
8612,0,0
8613,0,0
8614,0,0
8615,0,0
8616,0,0
8617,0,0
8618,0,0
8619,0,0
8620,0,0
8621,0,0
8622,0,0
8623,2,59.9
8624,2.5,74
8625,6.2,71.6
8626,8.4,85.2
8627,8.7,76.8
8628,8.4,85.8
8629,7,85.4
8630,5.2,71.8
8631,1.8,35.4
8632,0,0
8633,0,0
8634,0,0
8635,0,0
8636,0,0
8637,0,0
8638,0,0
8639,0,0
8640,0,0
8641,0,0
8642,0,0
8643,0,0
8644,0,0
8645,0,0
8646,0,0
8647,2.6,69.1
8648,5.6,89
8649,7.7,91.7
8650,8.8,90.8
8651,9.1,87.2
8652,8.6,86.8
8653,7.3,85.4
8654,5,73.8
8655,1.9,35.6
8656,0,0
8657,0,0
8658,0,0
8659,0,0
8660,0,0
8661,0,0
8662,0,0
8663,0,0
8664,0,0
8665,0,0
8666,0,0
8667,0,0
8668,0,0
8669,0,0
8670,0,0
8671,2.6,67.5
8672,5.3,86.2
8673,7.3,89
8674,8.5,89.4
8675,8.9,88.3
8676,8.6,87.4
8677,7.4,82.9
8678,5.1,71.3
8679,1.8,34.8
8680,0,0
8681,0,0
8682,0,0
8683,0,0
8684,0,0
8685,0,0
8686,0,0
8687,0,0
8688,0,0
8689,0,0
8690,0,0
8691,0,0
8692,0,0
8693,0,0
8694,0,0
8695,2.5,64.4
8696,5.3,83
8697,7.3,86.5
8698,8.4,86.6
8699,8.9,83.7
8700,8.5,80.4
8701,7.3,81.1
8702,5,71.8
8703,1.9,35.6
8704,0,0
8705,0,0
8706,0,0
8707,0,0
8708,0,0
8709,0,0
8710,0,0
8711,0,0
8712,0,0
8713,0,0
8714,0,0
8715,0,0
8716,0,0
8717,0,0
8718,0,0
8719,2.3,59.7
8720,5,75.8
8721,6.9,78.8
8722,8.2,81.8
8723,8.4,82.5
8724,8.2,84.3
8725,7.3,76.4
8726,5,63.6
8727,1.7,29.9
8728,0,0
8729,0,0
8730,0,0
8731,0,0
8732,0,0
8733,0,0
8734,0,0
8735,0,0
8736,0,0
8737,0,0
8738,0,0
8739,0,0
8740,0,0
8741,0,0
8742,0,0
8743,2.5,0
8744,5.4,0.1
8745,7.7,0.3
8746,9,0.8
8747,9.4,0.9
8748,9,18.6
8749,7.5,77.5
8750,5.2,0
8751,1.8,31.1
8752,0,0
8753,0,0
8754,0,0
8755,0,0
8756,0,0
8757,0,0
8758,0,0
8759,0,0